-- ============================================================
-- Phase 2: Real Viator data → Builder schema
-- Source: 10 Viator tours (P1, P3, P4, P5, P6, P8, P9, P10, P12, P18)
-- ============================================================

-- 1. Extend builder_stops with canonical key, variant bucket, source provenance
ALTER TABLE public.builder_stops
  ADD COLUMN IF NOT EXISTS canonical_key text,
  ADD COLUMN IF NOT EXISTS variant_bucket text,
  ADD COLUMN IF NOT EXISTS source_tour_keys text[] NOT NULL DEFAULT '{}'::text[],
  ADD COLUMN IF NOT EXISTS variant_label text;
CREATE INDEX IF NOT EXISTS builder_stops_canonical_idx ON public.builder_stops(canonical_key);
CREATE INDEX IF NOT EXISTS builder_stops_region_idx ON public.builder_stops(region_key);

-- 2. Source tours (Viator URLs are source-only; never linked out to users)
CREATE TABLE IF NOT EXISTS public.builder_tour_sources (
  id uuid PRIMARY KEY DEFAULT gen_random_uuid(),
  tour_key text UNIQUE NOT NULL,
  title text NOT NULL,
  source_url text NOT NULL,
  duration_text text,
  pickup_zone text,
  blurb text,
  inclusions text[] NOT NULL DEFAULT '{}'::text[],
  exclusions text[] NOT NULL DEFAULT '{}'::text[],
  varies_by_option text[] NOT NULL DEFAULT '{}'::text[],
  created_at timestamptz NOT NULL DEFAULT now(),
  updated_at timestamptz NOT NULL DEFAULT now()
);
ALTER TABLE public.builder_tour_sources ENABLE ROW LEVEL SECURITY;
DROP POLICY IF EXISTS "Anyone can read tour_sources" ON public.builder_tour_sources;
CREATE POLICY "Anyone can read tour_sources" ON public.builder_tour_sources FOR SELECT USING (true);
DROP POLICY IF EXISTS "Admins manage tour_sources insert" ON public.builder_tour_sources;
CREATE POLICY "Admins manage tour_sources insert" ON public.builder_tour_sources FOR INSERT TO authenticated WITH CHECK (has_role(auth.uid(), 'admin'::app_role));
DROP POLICY IF EXISTS "Admins manage tour_sources update" ON public.builder_tour_sources;
CREATE POLICY "Admins manage tour_sources update" ON public.builder_tour_sources FOR UPDATE TO authenticated USING (has_role(auth.uid(), 'admin'::app_role));
DROP POLICY IF EXISTS "Admins manage tour_sources delete" ON public.builder_tour_sources;
CREATE POLICY "Admins manage tour_sources delete" ON public.builder_tour_sources FOR DELETE TO authenticated USING (has_role(auth.uid(), 'admin'::app_role));

-- 3. Tour ↔ Stop mapping (real itineraries, position, optional, real duration)
CREATE TABLE IF NOT EXISTS public.builder_tour_stops (
  id uuid PRIMARY KEY DEFAULT gen_random_uuid(),
  tour_key text NOT NULL,
  stop_canonical text NOT NULL,
  variant_bucket text NOT NULL,
  duration_minutes integer NOT NULL,
  optional boolean NOT NULL DEFAULT false,
  position integer NOT NULL,
  created_at timestamptz NOT NULL DEFAULT now(),
  UNIQUE(tour_key, stop_canonical, variant_bucket)
);
CREATE INDEX IF NOT EXISTS builder_tour_stops_tour_idx ON public.builder_tour_stops(tour_key);
CREATE INDEX IF NOT EXISTS builder_tour_stops_stop_idx ON public.builder_tour_stops(stop_canonical);
ALTER TABLE public.builder_tour_stops ENABLE ROW LEVEL SECURITY;
DROP POLICY IF EXISTS "Anyone can read tour_stops" ON public.builder_tour_stops;
CREATE POLICY "Anyone can read tour_stops" ON public.builder_tour_stops FOR SELECT USING (true);
DROP POLICY IF EXISTS "Admins manage tour_stops insert" ON public.builder_tour_stops;
CREATE POLICY "Admins manage tour_stops insert" ON public.builder_tour_stops FOR INSERT TO authenticated WITH CHECK (has_role(auth.uid(), 'admin'::app_role));
DROP POLICY IF EXISTS "Admins manage tour_stops update" ON public.builder_tour_stops;
CREATE POLICY "Admins manage tour_stops update" ON public.builder_tour_stops FOR UPDATE TO authenticated USING (has_role(auth.uid(), 'admin'::app_role));
DROP POLICY IF EXISTS "Admins manage tour_stops delete" ON public.builder_tour_stops;
CREATE POLICY "Admins manage tour_stops delete" ON public.builder_tour_stops FOR DELETE TO authenticated USING (has_role(auth.uid(), 'admin'::app_role));

-- 4. Compatibility (derived from real co-occurrence in Viator itineraries)
CREATE TABLE IF NOT EXISTS public.builder_compatibility_rules (
  id uuid PRIMARY KEY DEFAULT gen_random_uuid(),
  stop_a text NOT NULL,
  stop_b text NOT NULL,
  cooccurrence_count integer NOT NULL DEFAULT 1,
  created_at timestamptz NOT NULL DEFAULT now(),
  UNIQUE(stop_a, stop_b)
);
CREATE INDEX IF NOT EXISTS builder_compat_a_idx ON public.builder_compatibility_rules(stop_a);
CREATE INDEX IF NOT EXISTS builder_compat_b_idx ON public.builder_compatibility_rules(stop_b);
ALTER TABLE public.builder_compatibility_rules ENABLE ROW LEVEL SECURITY;
DROP POLICY IF EXISTS "Anyone can read compatibility" ON public.builder_compatibility_rules;
CREATE POLICY "Anyone can read compatibility" ON public.builder_compatibility_rules FOR SELECT USING (true);
DROP POLICY IF EXISTS "Admins manage compatibility insert" ON public.builder_compatibility_rules;
CREATE POLICY "Admins manage compatibility insert" ON public.builder_compatibility_rules FOR INSERT TO authenticated WITH CHECK (has_role(auth.uid(), 'admin'::app_role));
DROP POLICY IF EXISTS "Admins manage compatibility update" ON public.builder_compatibility_rules;
CREATE POLICY "Admins manage compatibility update" ON public.builder_compatibility_rules FOR UPDATE TO authenticated USING (has_role(auth.uid(), 'admin'::app_role));
DROP POLICY IF EXISTS "Admins manage compatibility delete" ON public.builder_compatibility_rules;
CREATE POLICY "Admins manage compatibility delete" ON public.builder_compatibility_rules FOR DELETE TO authenticated USING (has_role(auth.uid(), 'admin'::app_role));

DROP TRIGGER IF EXISTS set_updated_at_tour_sources ON public.builder_tour_sources;
CREATE TRIGGER set_updated_at_tour_sources BEFORE UPDATE ON public.builder_tour_sources FOR EACH ROW EXECUTE FUNCTION public.set_updated_at();

-- 6. Seed operational regions
INSERT INTO public.builder_regions (key,label,blurb,lat,lng,sort_order) VALUES ('arrabida-setubal','Arrábida & Setúbal','Cliffs, oyster beaches, and Portugal''s wine cellars an hour from Lisbon.',38.49,-8.95,1) ON CONFLICT (key) DO UPDATE SET label=EXCLUDED.label, blurb=EXCLUDED.blurb, lat=EXCLUDED.lat, lng=EXCLUDED.lng, sort_order=EXCLUDED.sort_order;
INSERT INTO public.builder_regions (key,label,blurb,lat,lng,sort_order) VALUES ('troia-comporta','Tróia & Comporta','Roman ruins, palafitic piers, and rice paddies on the Sado peninsula.',38.4,-8.79,2) ON CONFLICT (key) DO UPDATE SET label=EXCLUDED.label, blurb=EXCLUDED.blurb, lat=EXCLUDED.lat, lng=EXCLUDED.lng, sort_order=EXCLUDED.sort_order;
INSERT INTO public.builder_regions (key,label,blurb,lat,lng,sort_order) VALUES ('sintra-cascais','Sintra & Cascais','Romantic palaces, Atlantic capes, and the westernmost point of Europe.',38.78,-9.4,3) ON CONFLICT (key) DO UPDATE SET label=EXCLUDED.label, blurb=EXCLUDED.blurb, lat=EXCLUDED.lat, lng=EXCLUDED.lng, sort_order=EXCLUDED.sort_order;
INSERT INTO public.builder_regions (key,label,blurb,lat,lng,sort_order) VALUES ('evora-alentejo','Évora & Alentejo','Roman temples, cork forests, and Alentejo''s slow wine country.',38.57,-7.91,4) ON CONFLICT (key) DO UPDATE SET label=EXCLUDED.label, blurb=EXCLUDED.blurb, lat=EXCLUDED.lat, lng=EXCLUDED.lng, sort_order=EXCLUDED.sort_order;
INSERT INTO public.builder_regions (key,label,blurb,lat,lng,sort_order) VALUES ('centro-tomar-coimbra','Tomar & Coimbra','Templar heritage and Portugal''s oldest university north of Lisbon.',39.9,-8.42,5) ON CONFLICT (key) DO UPDATE SET label=EXCLUDED.label, blurb=EXCLUDED.blurb, lat=EXCLUDED.lat, lng=EXCLUDED.lng, sort_order=EXCLUDED.sort_order;
INSERT INTO public.builder_regions (key,label,blurb,lat,lng,sort_order) VALUES ('centro-fatima-nazare-obidos','Fátima, Nazaré & Óbidos','Sanctuary, giant Atlantic waves, and a walled medieval village.',39.53,-9.07,6) ON CONFLICT (key) DO UPDATE SET label=EXCLUDED.label, blurb=EXCLUDED.blurb, lat=EXCLUDED.lat, lng=EXCLUDED.lng, sort_order=EXCLUDED.sort_order;

-- 7. Reset builder_stops to real Viator data only
DELETE FROM public.builder_stops;

INSERT INTO public.builder_stops (key, canonical_key, variant_bucket, variant_label, region_key, label, blurb, tag, lat, lng, duration_minutes, mood_tags, pace_tags, intention_tags, who_tags, compatible_with, weight, source_tour_keys) VALUES ('baia-de-setubal--short', 'baia-de-setubal', 'short', 'quick (15 min)', 'arrabida-setubal', 'Baia de Setubal', 'A scenic ferry crossing over the Sado River, transitioning from urban Lisbon to authentic Portugal. Keep your eyes open for dolphins sometimes seen in these waters.', null, 38.526, -8.8875, 15, ARRAY['open','energetic']::text[], ARRAY['full','balanced']::text[], ARRAY['coast']::text[], ARRAY[]::text[], ARRAY[]::text[], 55, ARRAY['troia-comporta']::text[]);
INSERT INTO public.builder_stops (key, canonical_key, variant_bucket, variant_label, region_key, label, blurb, tag, lat, lng, duration_minutes, mood_tags, pace_tags, intention_tags, who_tags, compatible_with, weight, source_tour_keys) VALUES ('ruinas-romanas-troia--medium', 'ruinas-romanas-troia', 'medium', 'visit (45 min)', 'troia-comporta', 'Roman Ruins of Troia', 'Explore over 2,000 years of history at a Roman industrial complex including fish-salting tanks and baths. Your guide will explain how life worked here centuries ago.', null, 38.487, -8.893, 45, ARRAY['curious','slow']::text[], ARRAY['balanced','full']::text[], ARRAY['heritage','hidden']::text[], ARRAY[]::text[], ARRAY[]::text[], 55, ARRAY['troia-comporta']::text[]);
INSERT INTO public.builder_stops (key, canonical_key, variant_bucket, variant_label, region_key, label, blurb, tag, lat, lng, duration_minutes, mood_tags, pace_tags, intention_tags, who_tags, compatible_with, weight, source_tour_keys) VALUES ('marina-troia--short', 'marina-troia', 'short', 'quick (15 min)', 'troia-comporta', 'Marina de Troia', 'A brief stop to see where sleek modern architecture meets natural surroundings in this refined luxury destination.', null, 38.4914, -8.892, 15, ARRAY['open','energetic']::text[], ARRAY['full','balanced']::text[], ARRAY['coast']::text[], ARRAY[]::text[], ARRAY[]::text[], 55, ARRAY['troia-comporta']::text[]);
INSERT INTO public.builder_stops (key, canonical_key, variant_bucket, variant_label, region_key, label, blurb, tag, lat, lng, duration_minutes, mood_tags, pace_tags, intention_tags, who_tags, compatible_with, weight, source_tour_keys) VALUES ('cais-palafitico-carrasqueira--short', 'cais-palafitico-carrasqueira', 'short', 'quick (20 min)', 'troia-comporta', 'Cais Palafitico do Porto da Carrasqueira', 'Visit a traditional wooden fishing pier built on stilts, still used today by local fishermen. A raw and authentic hidden gem.', null, 38.4233, -8.7842, 20, ARRAY['curious','open','energetic','slow']::text[], ARRAY['full','balanced']::text[], ARRAY['hidden','heritage','coast']::text[], ARRAY[]::text[], ARRAY[]::text[], 55, ARRAY['troia-comporta']::text[]);
INSERT INTO public.builder_stops (key, canonical_key, variant_bucket, variant_label, region_key, label, blurb, tag, lat, lng, duration_minutes, mood_tags, pace_tags, intention_tags, who_tags, compatible_with, weight, source_tour_keys) VALUES ('comporta-village--deep', 'comporta-village', 'deep', 'deep visit (95 min)', 'troia-comporta', 'Comporta', 'Experience a destination known for relaxed sophistication and natural elegance. Enjoy free time for lunch with curated local restaurant recommendations from your guide.', null, 38.3856, -8.7867, 95, ARRAY['slow','romantic','open','energetic']::text[], ARRAY['balanced','relaxed']::text[], ARRAY['coast','gastronomy']::text[], ARRAY[]::text[], ARRAY[]::text[], 55, ARRAY['troia-comporta']::text[]);
INSERT INTO public.builder_stops (key, canonical_key, variant_bucket, variant_label, region_key, label, blurb, tag, lat, lng, duration_minutes, mood_tags, pace_tags, intention_tags, who_tags, compatible_with, weight, source_tour_keys) VALUES ('herdade-comporta--deep', 'herdade-comporta', 'deep', 'deep visit (95 min)', 'troia-comporta', 'Herdade Da Comporta', 'Learn about and taste unique wines shaped by sandy soils and Atlantic influence at one of the region''s most iconic wineries.', null, 38.3833, -8.7833, 95, ARRAY['slow','romantic','open','energetic']::text[], ARRAY['balanced','relaxed']::text[], ARRAY['wine','coast']::text[], ARRAY[]::text[], ARRAY[]::text[], 55, ARRAY['troia-comporta']::text[]);
INSERT INTO public.builder_stops (key, canonical_key, variant_bucket, variant_label, region_key, label, blurb, tag, lat, lng, duration_minutes, mood_tags, pace_tags, intention_tags, who_tags, compatible_with, weight, source_tour_keys) VALUES ('praia-comporta--short', 'praia-comporta', 'short', 'quick (15 min)', 'troia-comporta', 'Comporta Beach', 'If conditions allow, stop at one of Comporta’s famous wild beaches featuring endless sand and untouched dunes.', null, 38.3811, -8.795, 15, ARRAY['open','energetic','slow']::text[], ARRAY['full','balanced']::text[], ARRAY['coast','wellness']::text[], ARRAY[]::text[], ARRAY[]::text[], 55, ARRAY['troia-comporta']::text[]);
INSERT INTO public.builder_stops (key, canonical_key, variant_bucket, variant_label, region_key, label, blurb, tag, lat, lng, duration_minutes, mood_tags, pace_tags, intention_tags, who_tags, compatible_with, weight, source_tour_keys) VALUES ('praia-carvalhal--short', 'praia-carvalhal', 'short', 'quick (15 min)', 'troia-comporta', 'Praia do Carvalhal', 'A final coastal stop known for its natural beauty and relaxed atmosphere, perfect for photos or a short walk before returning.', null, 38.3408, -8.7972, 15, ARRAY['open','energetic','slow']::text[], ARRAY['full','balanced']::text[], ARRAY['coast','wellness']::text[], ARRAY[]::text[], ARRAY[]::text[], 55, ARRAY['troia-comporta']::text[]);
INSERT INTO public.builder_stops (key, canonical_key, variant_bucket, variant_label, region_key, label, blurb, tag, lat, lng, duration_minutes, mood_tags, pace_tags, intention_tags, who_tags, compatible_with, weight, source_tour_keys) VALUES ('mercado-livramento--medium', 'mercado-livramento', 'medium', 'visit (45 min)', 'arrabida-setubal', 'Mercado do Livramento', 'One of the best fresh marketplaces in the world located in Setúbal, known for its lively ambiance, gorgeous azulejo tiles, and selection of fresh fish and regional specialties.', null, 38.5239, -8.8875, 45, ARRAY['slow','romantic','curious']::text[], ARRAY['balanced','full']::text[], ARRAY['gastronomy','heritage']::text[], ARRAY[]::text[], ARRAY[]::text[], 55, ARRAY['arrabida-sesimbra']::text[]);
INSERT INTO public.builder_stops (key, canonical_key, variant_bucket, variant_label, region_key, label, blurb, tag, lat, lng, duration_minutes, mood_tags, pace_tags, intention_tags, who_tags, compatible_with, weight, source_tour_keys) VALUES ('mercado-livramento--deep', 'mercado-livramento', 'deep', 'deep visit (90 min)', 'arrabida-setubal', 'Mercado do Livramento', 'One of the best fresh marketplaces in the world located in Setúbal, known for its lively ambiance, gorgeous azulejo tiles, and selection of fresh fish and regional specialties.', null, 38.5239, -8.8875, 90, ARRAY['slow','romantic','curious']::text[], ARRAY['balanced','relaxed']::text[], ARRAY['gastronomy','heritage']::text[], ARRAY[]::text[], ARRAY[]::text[], 55, ARRAY['azeitao-cheese']::text[]);
INSERT INTO public.builder_stops (key, canonical_key, variant_bucket, variant_label, region_key, label, blurb, tag, lat, lng, duration_minutes, mood_tags, pace_tags, intention_tags, who_tags, compatible_with, weight, source_tour_keys) VALUES ('mercado-livramento--short', 'mercado-livramento', 'short', 'quick (25 min)', 'arrabida-setubal', 'Mercado do Livramento', 'One of the best fresh marketplaces in the world located in Setúbal, known for its lively ambiance, gorgeous azulejo tiles, and selection of fresh fish and regional specialties.', null, 38.5239, -8.8875, 25, ARRAY['slow','romantic','curious']::text[], ARRAY['full','balanced']::text[], ARRAY['gastronomy','heritage']::text[], ARRAY[]::text[], ARRAY[]::text[], 65, ARRAY['south-lisbon-golf','southern-lisbon-wine','wild-beaches-picnic']::text[]);
INSERT INTO public.builder_stops (key, canonical_key, variant_bucket, variant_label, region_key, label, blurb, tag, lat, lng, duration_minutes, mood_tags, pace_tags, intention_tags, who_tags, compatible_with, weight, source_tour_keys) VALUES ('parque-natural-arrabida--medium', 'parque-natural-arrabida', 'medium', 'visit (60 min)', 'arrabida-setubal', 'Parque Natural da Arrabida', 'A sanctuary of breathtaking scenery with verdant surroundings, hills, and expansive ocean vistas. Explore varied flora and wildlife or take in the peace of the natural world.', null, 38.4833, -8.9667, 60, ARRAY['open','energetic']::text[], ARRAY['balanced','full']::text[], ARRAY['nature','coast']::text[], ARRAY[]::text[], ARRAY[]::text[], 60, ARRAY['arrabida-sesimbra','wild-beaches-picnic']::text[]);
INSERT INTO public.builder_stops (key, canonical_key, variant_bucket, variant_label, region_key, label, blurb, tag, lat, lng, duration_minutes, mood_tags, pace_tags, intention_tags, who_tags, compatible_with, weight, source_tour_keys) VALUES ('parque-natural-arrabida--short', 'parque-natural-arrabida', 'short', 'quick (30 min)', 'arrabida-setubal', 'Parque Natural da Arrabida', 'A sanctuary of breathtaking scenery with verdant surroundings, hills, and expansive ocean vistas. Explore varied flora and wildlife or take in the peace of the natural world.', null, 38.4833, -8.9667, 30, ARRAY['open','energetic']::text[], ARRAY['full','balanced']::text[], ARRAY['nature','coast']::text[], ARRAY[]::text[], ARRAY[]::text[], 55, ARRAY['southern-lisbon-wine']::text[]);
INSERT INTO public.builder_stops (key, canonical_key, variant_bucket, variant_label, region_key, label, blurb, tag, lat, lng, duration_minutes, mood_tags, pace_tags, intention_tags, who_tags, compatible_with, weight, source_tour_keys) VALUES ('lapa-santa-margarida--short', 'lapa-santa-margarida', 'short', 'quick (30 min)', 'arrabida-setubal', 'Lapa de Santa Margarida', 'A little-known sea cave within the park featuring a small chapel devoted to Saint Margaret, offering a fusion of spiritual peace and views of the Atlantic Ocean.', null, 38.485, -9, 30, ARRAY['curious','open','energetic','slow']::text[], ARRAY['full','balanced']::text[], ARRAY['nature','hidden','heritage']::text[], ARRAY[]::text[], ARRAY[]::text[], 60, ARRAY['arrabida-sesimbra','wild-beaches-picnic']::text[]);
INSERT INTO public.builder_stops (key, canonical_key, variant_bucket, variant_label, region_key, label, blurb, tag, lat, lng, duration_minutes, mood_tags, pace_tags, intention_tags, who_tags, compatible_with, weight, source_tour_keys) VALUES ('castelo-sesimbra--short', 'castelo-sesimbra', 'short', 'quick (24 min)', 'arrabida-setubal', 'Castelo de Sesimbra', 'An ancient fortification dating to the 9th century perched on a mountaintop, featuring a magnificent chapel and old walls with views of the sea.', null, 38.4439, -9.1058, 24, ARRAY['curious','open','energetic']::text[], ARRAY['full','balanced']::text[], ARRAY['heritage','coast']::text[], ARRAY[]::text[], ARRAY[]::text[], 70, ARRAY['arrabida-sesimbra','south-lisbon-golf','southern-lisbon-wine','wild-beaches-picnic']::text[]);
INSERT INTO public.builder_stops (key, canonical_key, variant_bucket, variant_label, region_key, label, blurb, tag, lat, lng, duration_minutes, mood_tags, pace_tags, intention_tags, who_tags, compatible_with, weight, source_tour_keys) VALUES ('castelo-sesimbra--deep', 'castelo-sesimbra', 'deep', 'deep visit (120 min)', 'arrabida-setubal', 'Castelo de Sesimbra', 'An ancient fortification dating to the 9th century perched on a mountaintop, featuring a magnificent chapel and old walls with views of the sea.', null, 38.4439, -9.1058, 120, ARRAY['curious','open','energetic']::text[], ARRAY['balanced','relaxed']::text[], ARRAY['heritage','coast']::text[], ARRAY[]::text[], ARRAY[]::text[], 55, ARRAY['azeitao-cheese']::text[]);
INSERT INTO public.builder_stops (key, canonical_key, variant_bucket, variant_label, region_key, label, blurb, tag, lat, lng, duration_minutes, mood_tags, pace_tags, intention_tags, who_tags, compatible_with, weight, source_tour_keys) VALUES ('sesimbra-village--extended', 'sesimbra-village', 'extended', 'extended (240 min)', 'arrabida-setubal', 'Sesimbra', 'A charming fishing community known for its exquisite beaches, maritime history, and seafood. A boat ride along the Arrábida coastline is included here; choose from dolphin watching, snorkeling, kayaking, or a boat ride with lunch at checkout.', null, 38.4444, -9.1011, 240, ARRAY['slow','romantic','open','energetic']::text[], ARRAY['relaxed']::text[], ARRAY['coast','gastronomy']::text[], ARRAY[]::text[], ARRAY[]::text[], 55, ARRAY['arrabida-sesimbra']::text[]);
INSERT INTO public.builder_stops (key, canonical_key, variant_bucket, variant_label, region_key, label, blurb, tag, lat, lng, duration_minutes, mood_tags, pace_tags, intention_tags, who_tags, compatible_with, weight, source_tour_keys) VALUES ('sesimbra-village--deep', 'sesimbra-village', 'deep', 'deep visit (90 min)', 'arrabida-setubal', 'Sesimbra', 'A charming fishing community known for its exquisite beaches, maritime history, and seafood. A boat ride along the Arrábida coastline is included here; choose from dolphin watching, snorkeling, kayaking, or a boat ride with lunch at checkout.', null, 38.4444, -9.1011, 90, ARRAY['slow','romantic','open','energetic']::text[], ARRAY['balanced','relaxed']::text[], ARRAY['coast','gastronomy']::text[], ARRAY[]::text[], ARRAY[]::text[], 55, ARRAY['south-lisbon-golf']::text[]);
INSERT INTO public.builder_stops (key, canonical_key, variant_bucket, variant_label, region_key, label, blurb, tag, lat, lng, duration_minutes, mood_tags, pace_tags, intention_tags, who_tags, compatible_with, weight, source_tour_keys) VALUES ('sesimbra-village--short', 'sesimbra-village', 'short', 'quick (30 min)', 'arrabida-setubal', 'Sesimbra', 'A charming fishing community known for its exquisite beaches, maritime history, and seafood. A boat ride along the Arrábida coastline is included here; choose from dolphin watching, snorkeling, kayaking, or a boat ride with lunch at checkout.', null, 38.4444, -9.1011, 30, ARRAY['slow','romantic','open','energetic']::text[], ARRAY['full','balanced']::text[], ARRAY['coast','gastronomy']::text[], ARRAY[]::text[], ARRAY[]::text[], 55, ARRAY['wild-beaches-picnic']::text[]);
INSERT INTO public.builder_stops (key, canonical_key, variant_bucket, variant_label, region_key, label, blurb, tag, lat, lng, duration_minutes, mood_tags, pace_tags, intention_tags, who_tags, compatible_with, weight, source_tour_keys) VALUES ('cabo-espichel--short', 'cabo-espichel', 'short', 'quick (30 min)', 'arrabida-setubal', 'Cabo Espichel', 'A spectacular coast featuring breathtaking cliffs, a lighthouse, and the Sanctuary of Our Lady of the Cape. You can also find old dinosaur footprints here.', null, 38.4156, -9.2156, 30, ARRAY['curious','open','energetic','slow']::text[], ARRAY['full','balanced']::text[], ARRAY['coast','wonder','hidden']::text[], ARRAY[]::text[], ARRAY[]::text[], 55, ARRAY['arrabida-sesimbra']::text[]);
INSERT INTO public.builder_stops (key, canonical_key, variant_bucket, variant_label, region_key, label, blurb, tag, lat, lng, duration_minutes, mood_tags, pace_tags, intention_tags, who_tags, compatible_with, weight, source_tour_keys) VALUES ('cabo-espichel--medium', 'cabo-espichel', 'medium', 'visit (40 min)', 'arrabida-setubal', 'Cabo Espichel', 'A spectacular coast featuring breathtaking cliffs, a lighthouse, and the Sanctuary of Our Lady of the Cape. You can also find old dinosaur footprints here.', null, 38.4156, -9.2156, 40, ARRAY['curious','open','energetic','slow']::text[], ARRAY['balanced','full']::text[], ARRAY['coast','wonder','hidden']::text[], ARRAY[]::text[], ARRAY[]::text[], 55, ARRAY['wild-beaches-picnic']::text[]);
INSERT INTO public.builder_stops (key, canonical_key, variant_bucket, variant_label, region_key, label, blurb, tag, lat, lng, duration_minutes, mood_tags, pace_tags, intention_tags, who_tags, compatible_with, weight, source_tour_keys) VALUES ('sintra-village--medium', 'sintra-village', 'medium', 'visit (60 min)', 'sintra-cascais', 'Sintra', 'Explore this UNESCO World Heritage Site town nestled in lush hills, known for its fairytale palaces and mystical atmosphere. Includes a stop for local pastries like queijadas and travesseiros de Sintra.', null, 38.7972, -9.3906, 60, ARRAY['curious']::text[], ARRAY['balanced','full']::text[], ARRAY['heritage','wonder']::text[], ARRAY[]::text[], ARRAY[]::text[], 55, ARRAY['sintra-cascais-hidden']::text[]);
INSERT INTO public.builder_stops (key, canonical_key, variant_bucket, variant_label, region_key, label, blurb, tag, lat, lng, duration_minutes, mood_tags, pace_tags, intention_tags, who_tags, compatible_with, weight, source_tour_keys) VALUES ('palacio-nacional-sintra--deep', 'palacio-nacional-sintra', 'deep', 'deep visit (90 min)', 'sintra-cascais', 'Sintra National Palace', 'One of the options on the itinerary: A captivating blend of Moorish and Gothic architecture with iconic twin chimneys.', null, 38.7975, -9.3906, 90, ARRAY['curious']::text[], ARRAY['balanced','relaxed']::text[], ARRAY['heritage','wonder']::text[], ARRAY[]::text[], ARRAY[]::text[], 55, ARRAY['sintra-cascais-hidden']::text[]);
INSERT INTO public.builder_stops (key, canonical_key, variant_bucket, variant_label, region_key, label, blurb, tag, lat, lng, duration_minutes, mood_tags, pace_tags, intention_tags, who_tags, compatible_with, weight, source_tour_keys) VALUES ('palacio-pena--deep', 'palacio-pena', 'deep', 'deep visit (90 min)', 'sintra-cascais', 'Park and National Palace of Pena', 'One of the options on the itinerary: A vibrant 19th-century Romantic masterpiece perched atop the hills with a colorful façade.', null, 38.7878, -9.3906, 90, ARRAY['curious']::text[], ARRAY['balanced','relaxed']::text[], ARRAY['heritage','wonder']::text[], ARRAY[]::text[], ARRAY[]::text[], 55, ARRAY['sintra-cascais-hidden']::text[]);
INSERT INTO public.builder_stops (key, canonical_key, variant_bucket, variant_label, region_key, label, blurb, tag, lat, lng, duration_minutes, mood_tags, pace_tags, intention_tags, who_tags, compatible_with, weight, source_tour_keys) VALUES ('azenhas-do-mar--deep', 'azenhas-do-mar', 'deep', 'deep visit (90 min)', 'sintra-cascais', 'Azenhas do Mar', 'Lunch break and free time in this picturesque coastal village with whitewashed houses cascading down the cliffs.', null, 38.8358, -9.4581, 90, ARRAY['open','energetic','slow']::text[], ARRAY['balanced','relaxed']::text[], ARRAY['coast','hidden']::text[], ARRAY[]::text[], ARRAY[]::text[], 55, ARRAY['sintra-cascais-hidden']::text[]);
INSERT INTO public.builder_stops (key, canonical_key, variant_bucket, variant_label, region_key, label, blurb, tag, lat, lng, duration_minutes, mood_tags, pace_tags, intention_tags, who_tags, compatible_with, weight, source_tour_keys) VALUES ('quinta-regaleira--deep', 'quinta-regaleira', 'deep', 'deep visit (90 min)', 'sintra-cascais', 'Quinta da Regaleira', 'One of the options on the itinerary: A mesmerizing estate known for its enchanting gardens, mysterious tunnels, and Gothic architecture.', null, 38.7969, -9.3964, 90, ARRAY['curious','slow']::text[], ARRAY['balanced','relaxed']::text[], ARRAY['heritage','wonder','hidden']::text[], ARRAY[]::text[], ARRAY[]::text[], 55, ARRAY['sintra-cascais-hidden']::text[]);
INSERT INTO public.builder_stops (key, canonical_key, variant_bucket, variant_label, region_key, label, blurb, tag, lat, lng, duration_minutes, mood_tags, pace_tags, intention_tags, who_tags, compatible_with, weight, source_tour_keys) VALUES ('adega-colares--deep', 'adega-colares', 'deep', 'deep visit (90 min)', 'sintra-cascais', 'Adega Regional de Colares', 'A historic winery in vineyards planted in sandy soils near the Atlantic coast, focusing on traditional winemaking methods.', null, 38.7986, -9.4419, 90, ARRAY['slow','romantic']::text[], ARRAY['balanced','relaxed']::text[], ARRAY['wine','hidden']::text[], ARRAY[]::text[], ARRAY[]::text[], 55, ARRAY['sintra-cascais-hidden']::text[]);
INSERT INTO public.builder_stops (key, canonical_key, variant_bucket, variant_label, region_key, label, blurb, tag, lat, lng, duration_minutes, mood_tags, pace_tags, intention_tags, who_tags, compatible_with, weight, source_tour_keys) VALUES ('cascais-village--medium', 'cascais-village', 'medium', 'visit (45 min)', 'sintra-cascais', 'Cascais', 'A charming coastal town with a picturesque harbor, historic landmarks like the Citadel Palace, and vibrant cobblestone streets.', null, 38.6969, -9.4214, 45, ARRAY['open','energetic']::text[], ARRAY['balanced','full']::text[], ARRAY['coast']::text[], ARRAY[]::text[], ARRAY[]::text[], 55, ARRAY['sintra-cascais-hidden']::text[]);
INSERT INTO public.builder_stops (key, canonical_key, variant_bucket, variant_label, region_key, label, blurb, tag, lat, lng, duration_minutes, mood_tags, pace_tags, intention_tags, who_tags, compatible_with, weight, source_tour_keys) VALUES ('cabo-da-roca--short', 'cabo-da-roca', 'short', 'quick (30 min)', 'sintra-cascais', 'Cabo Da Roca', 'The westernmost point of mainland Europe, featuring dramatic cliffs rising over the Atlantic Ocean.', null, 38.7806, -9.4989, 30, ARRAY['curious','open','energetic']::text[], ARRAY['full','balanced']::text[], ARRAY['coast','wonder']::text[], ARRAY[]::text[], ARRAY[]::text[], 55, ARRAY['sintra-cascais-hidden']::text[]);
INSERT INTO public.builder_stops (key, canonical_key, variant_bucket, variant_label, region_key, label, blurb, tag, lat, lng, duration_minutes, mood_tags, pace_tags, intention_tags, who_tags, compatible_with, weight, source_tour_keys) VALUES ('quinta-velha-azeitao--deep', 'quinta-velha-azeitao', 'deep', 'deep visit (90 min)', 'arrabida-setubal', 'Quinta Velha', 'Participate in a private workshop that delves into the traditional knowledge of Azeitão cheese making, blending hands-on experience with centuries-old history.', null, 38.5119, -9.0125, 90, ARRAY['slow','romantic']::text[], ARRAY['balanced','relaxed']::text[], ARRAY['wine','gastronomy']::text[], ARRAY[]::text[], ARRAY[]::text[], 55, ARRAY['azeitao-cheese']::text[]);
INSERT INTO public.builder_stops (key, canonical_key, variant_bucket, variant_label, region_key, label, blurb, tag, lat, lng, duration_minutes, mood_tags, pace_tags, intention_tags, who_tags, compatible_with, weight, source_tour_keys) VALUES ('azeitao-village--deep', 'azeitao-village', 'deep', 'deep visit (90 min)', 'arrabida-setubal', 'Azeitao', 'A charming village perfect for exploring local cuisine and historical landmarks. Time is allotted for lunch and free time.', null, 38.5119, -9.0125, 90, ARRAY['slow','romantic','curious']::text[], ARRAY['balanced','relaxed']::text[], ARRAY['gastronomy','heritage']::text[], ARRAY[]::text[], ARRAY[]::text[], 55, ARRAY['azeitao-cheese']::text[]);
INSERT INTO public.builder_stops (key, canonical_key, variant_bucket, variant_label, region_key, label, blurb, tag, lat, lng, duration_minutes, mood_tags, pace_tags, intention_tags, who_tags, compatible_with, weight, source_tour_keys) VALUES ('azeitao-village--medium', 'azeitao-village', 'medium', 'visit (60 min)', 'arrabida-setubal', 'Azeitao', 'A charming village perfect for exploring local cuisine and historical landmarks. Time is allotted for lunch and free time.', null, 38.5119, -9.0125, 60, ARRAY['slow','romantic','curious']::text[], ARRAY['balanced','full']::text[], ARRAY['gastronomy','heritage']::text[], ARRAY[]::text[], ARRAY[]::text[], 55, ARRAY['southern-lisbon-wine']::text[]);
INSERT INTO public.builder_stops (key, canonical_key, variant_bucket, variant_label, region_key, label, blurb, tag, lat, lng, duration_minutes, mood_tags, pace_tags, intention_tags, who_tags, compatible_with, weight, source_tour_keys) VALUES ('farm-catralvos--deep', 'farm-catralvos', 'deep', 'deep visit (105 min)', 'arrabida-setubal', 'Farm Catralvos', 'A wine tour including 5 glasses of wine at this renowned winery, where you will learn about the art of winemaking in the lush vineyards of Azeitão.', null, 38.5147, -9.0222, 105, ARRAY['slow','romantic']::text[], ARRAY['balanced','relaxed']::text[], ARRAY['gastronomy','wellness']::text[], ARRAY[]::text[], ARRAY[]::text[], 60, ARRAY['azeitao-cheese','south-lisbon-golf']::text[]);
INSERT INTO public.builder_stops (key, canonical_key, variant_bucket, variant_label, region_key, label, blurb, tag, lat, lng, duration_minutes, mood_tags, pace_tags, intention_tags, who_tags, compatible_with, weight, source_tour_keys) VALUES ('farm-catralvos--medium', 'farm-catralvos', 'medium', 'visit (45 min)', 'arrabida-setubal', 'Farm Catralvos', 'A wine tour including 5 glasses of wine at this renowned winery, where you will learn about the art of winemaking in the lush vineyards of Azeitão.', null, 38.5147, -9.0222, 45, ARRAY['slow','romantic']::text[], ARRAY['balanced','full']::text[], ARRAY['gastronomy','wellness']::text[], ARRAY[]::text[], ARRAY[]::text[], 55, ARRAY['southern-lisbon-wine']::text[]);
INSERT INTO public.builder_stops (key, canonical_key, variant_bucket, variant_label, region_key, label, blurb, tag, lat, lng, duration_minutes, mood_tags, pace_tags, intention_tags, who_tags, compatible_with, weight, source_tour_keys) VALUES ('cristo-rei--medium', 'cristo-rei', 'medium', 'visit (60 min)', 'arrabida-setubal', 'Santuario Nacional de Cristo Rei', 'Pass by the Cristo Rei Sanctuary and Statue.', null, 38.6781, -9.1722, 60, ARRAY['curious']::text[], ARRAY['balanced','full']::text[], ARRAY['heritage','wonder']::text[], ARRAY[]::text[], ARRAY[]::text[], 60, ARRAY['azeitao-cheese','wild-beaches-picnic']::text[]);
INSERT INTO public.builder_stops (key, canonical_key, variant_bucket, variant_label, region_key, label, blurb, tag, lat, lng, duration_minutes, mood_tags, pace_tags, intention_tags, who_tags, compatible_with, weight, source_tour_keys) VALUES ('cristo-rei--short', 'cristo-rei', 'short', 'quick (18 min)', 'arrabida-setubal', 'Santuario Nacional de Cristo Rei', 'Pass by the Cristo Rei Sanctuary and Statue.', null, 38.6781, -9.1722, 18, ARRAY['curious']::text[], ARRAY['full','balanced']::text[], ARRAY['heritage','wonder']::text[], ARRAY[]::text[], ARRAY[]::text[], 60, ARRAY['south-lisbon-golf','southern-lisbon-wine']::text[]);
INSERT INTO public.builder_stops (key, canonical_key, variant_bucket, variant_label, region_key, label, blurb, tag, lat, lng, duration_minutes, mood_tags, pace_tags, intention_tags, who_tags, compatible_with, weight, source_tour_keys) VALUES ('ponte-25-abril--medium', 'ponte-25-abril', 'medium', 'visit (60 min)', 'arrabida-setubal', 'Ponte 25 de Abril', 'Pass by the bridge known as the Portuguese Golden Gate.', null, 38.6906, -9.1772, 60, ARRAY['curious']::text[], ARRAY['balanced','full']::text[], ARRAY['heritage']::text[], ARRAY[]::text[], ARRAY[]::text[], 60, ARRAY['azeitao-cheese','wild-beaches-picnic']::text[]);
INSERT INTO public.builder_stops (key, canonical_key, variant_bucket, variant_label, region_key, label, blurb, tag, lat, lng, duration_minutes, mood_tags, pace_tags, intention_tags, who_tags, compatible_with, weight, source_tour_keys) VALUES ('ponte-25-abril--short', 'ponte-25-abril', 'short', 'quick (10 min)', 'arrabida-setubal', 'Ponte 25 de Abril', 'Pass by the bridge known as the Portuguese Golden Gate.', null, 38.6906, -9.1772, 10, ARRAY['curious']::text[], ARRAY['full','balanced']::text[], ARRAY['heritage']::text[], ARRAY[]::text[], ARRAY[]::text[], 55, ARRAY['setubal-wine']::text[]);
INSERT INTO public.builder_stops (key, canonical_key, variant_bucket, variant_label, region_key, label, blurb, tag, lat, lng, duration_minutes, mood_tags, pace_tags, intention_tags, who_tags, compatible_with, weight, source_tour_keys) VALUES ('tomar-village--deep', 'tomar-village', 'deep', 'deep visit (120 min)', 'centro-tomar-coimbra', 'Tomar', 'Tomar is a historic town located in central Portugal, known for its rich cultural heritage and historical significance. At the heart of Tomar stands the Convent of Christ, a UNESCO World Heritage site and former headquarters of the Knights Templar. Explore the medieval streets and traditional archit', null, 39.6017, -8.4097, 120, ARRAY['curious']::text[], ARRAY['balanced','relaxed']::text[], ARRAY['heritage']::text[], ARRAY[]::text[], ARRAY[]::text[], 55, ARRAY['tomar-coimbra']::text[]);
INSERT INTO public.builder_stops (key, canonical_key, variant_bucket, variant_label, region_key, label, blurb, tag, lat, lng, duration_minutes, mood_tags, pace_tags, intention_tags, who_tags, compatible_with, weight, source_tour_keys) VALUES ('convento-cristo-tomar--deep', 'convento-cristo-tomar', 'deep', 'deep visit (90 min)', 'centro-tomar-coimbra', 'Convento de Cristo', 'The Convent of Christ in Tomar, Portugal, is a UNESCO World Heritage site and a monumental complex with deep historical significance. Originally built as a Templar stronghold in the 12th century, it later became the headquarters of the Knights Templar in Portugal. The complex includes the iconic Tem', null, 39.6044, -8.4194, 90, ARRAY['curious']::text[], ARRAY['balanced','relaxed']::text[], ARRAY['heritage','wonder']::text[], ARRAY[]::text[], ARRAY[]::text[], 55, ARRAY['tomar-coimbra']::text[]);
INSERT INTO public.builder_stops (key, canonical_key, variant_bucket, variant_label, region_key, label, blurb, tag, lat, lng, duration_minutes, mood_tags, pace_tags, intention_tags, who_tags, compatible_with, weight, source_tour_keys) VALUES ('coimbra-village--deep', 'coimbra-village', 'deep', 'deep visit (120 min)', 'centro-tomar-coimbra', 'Coimbra', 'Coimbra, situated in central Portugal, is a city steeped in history and academic prestige. Home to one of Europe''s oldest universities, the city exudes a vibrant student atmosphere. Nestled on the banks of the Mondego River, the historic center showcases impressive architectural and cultural herita', null, 40.2056, -8.4197, 120, ARRAY['curious']::text[], ARRAY['balanced','relaxed']::text[], ARRAY['heritage']::text[], ARRAY[]::text[], ARRAY[]::text[], 55, ARRAY['tomar-coimbra']::text[]);
INSERT INTO public.builder_stops (key, canonical_key, variant_bucket, variant_label, region_key, label, blurb, tag, lat, lng, duration_minutes, mood_tags, pace_tags, intention_tags, who_tags, compatible_with, weight, source_tour_keys) VALUES ('universidade-coimbra--deep', 'universidade-coimbra', 'deep', 'deep visit (90 min)', 'centro-tomar-coimbra', 'Universita Di Coimbra', 'Coimbra University, perched majestically atop a hill overlooking the Mondego River, is one of the oldest and most prestigious universities in Europe. Founded in 1290, it is a UNESCO World Heritage site with a rich history and architectural splendor, including the Royal Palace of Alcáçova.', null, 40.2078, -8.4256, 90, ARRAY['curious']::text[], ARRAY['balanced','relaxed']::text[], ARRAY['heritage','wonder']::text[], ARRAY[]::text[], ARRAY[]::text[], 55, ARRAY['tomar-coimbra']::text[]);
INSERT INTO public.builder_stops (key, canonical_key, variant_bucket, variant_label, region_key, label, blurb, tag, lat, lng, duration_minutes, mood_tags, pace_tags, intention_tags, who_tags, compatible_with, weight, source_tour_keys) VALUES ('biblioteca-joanina--deep', 'biblioteca-joanina', 'deep', 'deep visit (90 min)', 'centro-tomar-coimbra', 'Biblioteca Joanina', 'The Joanina Library, a jewel within Coimbra University, is a captivating blend of architectural beauty and academic history. Built in the Baroque style in the 18th century, the library houses a remarkable collection of rare manuscripts and ancient books. It is famous for its colony of bats that help', null, 40.2078, -8.4258, 90, ARRAY['curious']::text[], ARRAY['balanced','relaxed']::text[], ARRAY['heritage','wonder']::text[], ARRAY[]::text[], ARRAY[]::text[], 55, ARRAY['tomar-coimbra']::text[]);
INSERT INTO public.builder_stops (key, canonical_key, variant_bucket, variant_label, region_key, label, blurb, tag, lat, lng, duration_minutes, mood_tags, pace_tags, intention_tags, who_tags, compatible_with, weight, source_tour_keys) VALUES ('joao-portugal-ramos--deep', 'joao-portugal-ramos', 'deep', 'deep visit (90 min)', 'evora-alentejo', 'Joao Portugal Ramos Wines', 'One of the winery options on the itinerary. A winery that embraces a modern approach while honoring traditional techniques. Admission included if selected.', null, 38.6422, -7.78, 90, ARRAY['slow','romantic']::text[], ARRAY['balanced','relaxed']::text[], ARRAY['wine','gastronomy']::text[], ARRAY[]::text[], ARRAY[]::text[], 55, ARRAY['setubal-wine']::text[]);
INSERT INTO public.builder_stops (key, canonical_key, variant_bucket, variant_label, region_key, label, blurb, tag, lat, lng, duration_minutes, mood_tags, pace_tags, intention_tags, who_tags, compatible_with, weight, source_tour_keys) VALUES ('cartuxa--deep', 'cartuxa', 'deep', 'deep visit (90 min)', 'evora-alentejo', 'Enoturismo Cartuxa', 'One of the winery options on the itinerary. Named after the 16th century Mosteiro da Cartuxa. Admission included if selected.', null, 38.5697, -7.9133, 90, ARRAY['slow','romantic']::text[], ARRAY['balanced','relaxed']::text[], ARRAY['wine','gastronomy']::text[], ARRAY[]::text[], ARRAY[]::text[], 55, ARRAY['setubal-wine']::text[]);
INSERT INTO public.builder_stops (key, canonical_key, variant_bucket, variant_label, region_key, label, blurb, tag, lat, lng, duration_minutes, mood_tags, pace_tags, intention_tags, who_tags, compatible_with, weight, source_tour_keys) VALUES ('pera-manca--deep', 'pera-manca', 'deep', 'deep visit (90 min)', 'evora-alentejo', 'Pera-grave - Qta S. Jose De Peramanca', 'One of the winery options on the itinerary. Origins date back to the 16th century, famous for traditional regional grape varieties like Aragonez and Trincadeira. Admission included if selected.', null, 38.5333, -7.9, 90, ARRAY['slow','romantic']::text[], ARRAY['balanced','relaxed']::text[], ARRAY['wine','gastronomy']::text[], ARRAY[]::text[], ARRAY[]::text[], 55, ARRAY['setubal-wine']::text[]);
INSERT INTO public.builder_stops (key, canonical_key, variant_bucket, variant_label, region_key, label, blurb, tag, lat, lng, duration_minutes, mood_tags, pace_tags, intention_tags, who_tags, compatible_with, weight, source_tour_keys) VALUES ('ervideira--deep', 'ervideira', 'deep', 'deep visit (90 min)', 'evora-alentejo', 'Ervideira', 'One of the winery options on the itinerary. A secular wine company producing since 1880 with five generations of active producers. Admission included if selected.', null, 38.65, -7.55, 90, ARRAY['slow','romantic']::text[], ARRAY['balanced','relaxed']::text[], ARRAY['wine']::text[], ARRAY[]::text[], ARRAY[]::text[], 55, ARRAY['setubal-wine']::text[]);
INSERT INTO public.builder_stops (key, canonical_key, variant_bucket, variant_label, region_key, label, blurb, tag, lat, lng, duration_minutes, mood_tags, pace_tags, intention_tags, who_tags, compatible_with, weight, source_tour_keys) VALUES ('esporao--deep', 'esporao', 'deep', 'deep visit (120 min)', 'evora-alentejo', 'Herdade do Esporao', 'One of the winery options. Located in the heart of Reguengos de Monsaraz, presenting balanced and seductive wines. Admission included if selected.', null, 38.4083, -7.6361, 120, ARRAY['slow','romantic']::text[], ARRAY['balanced','relaxed']::text[], ARRAY['wine','gastronomy']::text[], ARRAY[]::text[], ARRAY[]::text[], 55, ARRAY['setubal-wine']::text[]);
INSERT INTO public.builder_stops (key, canonical_key, variant_bucket, variant_label, region_key, label, blurb, tag, lat, lng, duration_minutes, mood_tags, pace_tags, intention_tags, who_tags, compatible_with, weight, source_tour_keys) VALUES ('capela-ossos-evora--short', 'capela-ossos-evora', 'short', 'quick (30 min)', 'evora-alentejo', 'Chapel of Bones', 'A unique attraction built in the 16th century by Franciscan monks, known for its macabre interior decoration.', null, 38.5697, -7.9092, 30, ARRAY['curious','slow']::text[], ARRAY['full','balanced']::text[], ARRAY['heritage','hidden','wonder']::text[], ARRAY[]::text[], ARRAY[]::text[], 55, ARRAY['setubal-wine']::text[]);
INSERT INTO public.builder_stops (key, canonical_key, variant_bucket, variant_label, region_key, label, blurb, tag, lat, lng, duration_minutes, mood_tags, pace_tags, intention_tags, who_tags, compatible_with, weight, source_tour_keys) VALUES ('evora-city--medium', 'evora-city', 'medium', 'visit (60 min)', 'evora-alentejo', 'Evora', 'A UNESCO World Heritage site dating back to Roman times. Explore ancient ruins and narrow streets lined with whitewashed houses.', null, 38.5711, -7.9136, 60, ARRAY['curious']::text[], ARRAY['balanced','full']::text[], ARRAY['heritage']::text[], ARRAY[]::text[], ARRAY[]::text[], 55, ARRAY['setubal-wine']::text[]);
INSERT INTO public.builder_stops (key, canonical_key, variant_bucket, variant_label, region_key, label, blurb, tag, lat, lng, duration_minutes, mood_tags, pace_tags, intention_tags, who_tags, compatible_with, weight, source_tour_keys) VALUES ('templo-diana-evora--short', 'templo-diana-evora', 'short', 'quick (10 min)', 'evora-alentejo', 'Templo Romano de Evora (Templo de Diana)', 'Also known as Templo de Diana, this pagan monument was built in the beginning of the 1st century AD in the Roman Forum of Evora.', null, 38.5728, -7.9075, 10, ARRAY['curious']::text[], ARRAY['full','balanced']::text[], ARRAY['heritage','wonder']::text[], ARRAY[]::text[], ARRAY[]::text[], 55, ARRAY['setubal-wine']::text[]);
INSERT INTO public.builder_stops (key, canonical_key, variant_bucket, variant_label, region_key, label, blurb, tag, lat, lng, duration_minutes, mood_tags, pace_tags, intention_tags, who_tags, compatible_with, weight, source_tour_keys) VALUES ('corticarte--short', 'corticarte', 'short', 'quick (30 min)', 'evora-alentejo', 'Corticarte - Arte em Cortica', 'Visit a cork factory to see the preparation process, from harvesting to final products. Includes a shop for authentic souvenirs.', null, 38.5689, -7.9117, 30, ARRAY['curious','slow']::text[], ARRAY['full','balanced']::text[], ARRAY['heritage','hidden']::text[], ARRAY[]::text[], ARRAY[]::text[], 55, ARRAY['setubal-wine']::text[]);
INSERT INTO public.builder_stops (key, canonical_key, variant_bucket, variant_label, region_key, label, blurb, tag, lat, lng, duration_minutes, mood_tags, pace_tags, intention_tags, who_tags, compatible_with, weight, source_tour_keys) VALUES ('fatima-sanctuary--deep', 'fatima-sanctuary', 'deep', 'deep visit (120 min)', 'centro-fatima-nazare-obidos', 'Fatima', 'Visit the Sanctuary of Our Lady of Fatima, including the Basilica of Our Lady of the Rosary and the Chapel of the Apparitions. Take time for personal reflection or attend a mass if you wish.', null, 39.6303, -8.6731, 120, ARRAY['curious','slow']::text[], ARRAY['balanced','relaxed']::text[], ARRAY['heritage','wellness']::text[], ARRAY[]::text[], ARRAY[]::text[], 55, ARRAY['fatima-nazare-obidos']::text[]);
INSERT INTO public.builder_stops (key, canonical_key, variant_bucket, variant_label, region_key, label, blurb, tag, lat, lng, duration_minutes, mood_tags, pace_tags, intention_tags, who_tags, compatible_with, weight, source_tour_keys) VALUES ('nazare-village--deep', 'nazare-village', 'deep', 'deep visit (120 min)', 'centro-fatima-nazare-obidos', 'Nazare', 'Enjoy a traditional Portuguese lunch (1 hour). Visit Nazaré Beach and witness the views from the Sitio da Nazaré viewpoint. Explore the town''s streets, shops, and restaurants.', null, 39.6014, -9.0703, 120, ARRAY['curious','open','energetic']::text[], ARRAY['balanced','relaxed']::text[], ARRAY['coast','heritage']::text[], ARRAY[]::text[], ARRAY[]::text[], 55, ARRAY['fatima-nazare-obidos']::text[]);
INSERT INTO public.builder_stops (key, canonical_key, variant_bucket, variant_label, region_key, label, blurb, tag, lat, lng, duration_minutes, mood_tags, pace_tags, intention_tags, who_tags, compatible_with, weight, source_tour_keys) VALUES ('praia-nazare--short', 'praia-nazare', 'short', 'quick (30 min)', 'centro-fatima-nazare-obidos', 'Praia da Nazare', 'Visit Nazaré beach.', null, 39.6011, -9.0728, 30, ARRAY['curious','open','energetic']::text[], ARRAY['full','balanced']::text[], ARRAY['coast','wonder']::text[], ARRAY[]::text[], ARRAY[]::text[], 55, ARRAY['fatima-nazare-obidos']::text[]);
INSERT INTO public.builder_stops (key, canonical_key, variant_bucket, variant_label, region_key, label, blurb, tag, lat, lng, duration_minutes, mood_tags, pace_tags, intention_tags, who_tags, compatible_with, weight, source_tour_keys) VALUES ('obidos-village--deep', 'obidos-village', 'deep', 'deep visit (90 min)', 'centro-fatima-nazare-obidos', 'Obidos', 'Wander through the picturesque medieval streets enclosed by castle walls. Try "ginjinha," a traditional Portuguese cherry liqueur served in chocolate cups.', null, 39.3611, -9.1567, 90, ARRAY['curious']::text[], ARRAY['balanced','relaxed']::text[], ARRAY['heritage']::text[], ARRAY[]::text[], ARRAY[]::text[], 55, ARRAY['fatima-nazare-obidos']::text[]);
INSERT INTO public.builder_stops (key, canonical_key, variant_bucket, variant_label, region_key, label, blurb, tag, lat, lng, duration_minutes, mood_tags, pace_tags, intention_tags, who_tags, compatible_with, weight, source_tour_keys) VALUES ('castelo-obidos--medium', 'castelo-obidos', 'medium', 'visit (60 min)', 'centro-fatima-nazare-obidos', 'Castelo de Obidos', 'Explore the castle which dates back to the Roman occupation with current Moorish layout. It served as military fortification and a royal palace.', null, 39.3625, -9.1572, 60, ARRAY['curious']::text[], ARRAY['balanced','full']::text[], ARRAY['heritage']::text[], ARRAY[]::text[], ARRAY[]::text[], 55, ARRAY['fatima-nazare-obidos']::text[]);
INSERT INTO public.builder_stops (key, canonical_key, variant_bucket, variant_label, region_key, label, blurb, tag, lat, lng, duration_minutes, mood_tags, pace_tags, intention_tags, who_tags, compatible_with, weight, source_tour_keys) VALUES ('azulejos-azeitao--deep', 'azulejos-azeitao', 'deep', 'deep visit (120 min)', 'arrabida-setubal', 'Azulejos de Azeitao', 'Embark on a private tiles painting workshop where you''ll delve into the artistry and heritage of tile making. Learn the time-honored techniques used since the 15th century and craft your own masterpiece under the guidance of skilled artisans.', null, 38.5119, -9.0042, 120, ARRAY['slow','romantic','curious']::text[], ARRAY['balanced','relaxed']::text[], ARRAY['heritage','gastronomy']::text[], ARRAY[]::text[], ARRAY[]::text[], 55, ARRAY['south-lisbon-golf']::text[]);
INSERT INTO public.builder_stops (key, canonical_key, variant_bucket, variant_label, region_key, label, blurb, tag, lat, lng, duration_minutes, mood_tags, pace_tags, intention_tags, who_tags, compatible_with, weight, source_tour_keys) VALUES ('azulejos-azeitao--short', 'azulejos-azeitao', 'short', 'quick (30 min)', 'arrabida-setubal', 'Azulejos de Azeitao', 'Embark on a private tiles painting workshop where you''ll delve into the artistry and heritage of tile making. Learn the time-honored techniques used since the 15th century and craft your own masterpiece under the guidance of skilled artisans.', null, 38.5119, -9.0042, 30, ARRAY['slow','romantic','curious']::text[], ARRAY['full','balanced']::text[], ARRAY['heritage','gastronomy']::text[], ARRAY[]::text[], ARRAY[]::text[], 55, ARRAY['southern-lisbon-wine']::text[]);
INSERT INTO public.builder_stops (key, canonical_key, variant_bucket, variant_label, region_key, label, blurb, tag, lat, lng, duration_minutes, mood_tags, pace_tags, intention_tags, who_tags, compatible_with, weight, source_tour_keys) VALUES ('jose-maria-fonseca--deep', 'jose-maria-fonseca', 'deep', 'deep visit (90 min)', 'arrabida-setubal', 'Jose Maria de Fonseca', 'One of the Winery Options.', null, 38.5128, -9.0072, 90, ARRAY['slow','romantic']::text[], ARRAY['balanced','relaxed']::text[], ARRAY['wine','gastronomy']::text[], ARRAY[]::text[], ARRAY[]::text[], 55, ARRAY['south-lisbon-golf']::text[]);
INSERT INTO public.builder_stops (key, canonical_key, variant_bucket, variant_label, region_key, label, blurb, tag, lat, lng, duration_minutes, mood_tags, pace_tags, intention_tags, who_tags, compatible_with, weight, source_tour_keys) VALUES ('jose-maria-fonseca--medium', 'jose-maria-fonseca', 'medium', 'visit (45 min)', 'arrabida-setubal', 'Jose Maria de Fonseca', 'One of the Winery Options.', null, 38.5128, -9.0072, 45, ARRAY['slow','romantic']::text[], ARRAY['balanced','full']::text[], ARRAY['wine','gastronomy']::text[], ARRAY[]::text[], ARRAY[]::text[], 55, ARRAY['southern-lisbon-wine']::text[]);
INSERT INTO public.builder_stops (key, canonical_key, variant_bucket, variant_label, region_key, label, blurb, tag, lat, lng, duration_minutes, mood_tags, pace_tags, intention_tags, who_tags, compatible_with, weight, source_tour_keys) VALUES ('bacalhoa--deep', 'bacalhoa', 'deep', 'deep visit (90 min)', 'arrabida-setubal', 'Bacalhoa Vinhos de Portugal', 'One of the Winery Options.', null, 38.5167, -9.0306, 90, ARRAY['slow','romantic','curious']::text[], ARRAY['balanced','relaxed']::text[], ARRAY['wine','heritage']::text[], ARRAY[]::text[], ARRAY[]::text[], 55, ARRAY['south-lisbon-golf']::text[]);
INSERT INTO public.builder_stops (key, canonical_key, variant_bucket, variant_label, region_key, label, blurb, tag, lat, lng, duration_minutes, mood_tags, pace_tags, intention_tags, who_tags, compatible_with, weight, source_tour_keys) VALUES ('bacalhoa--medium', 'bacalhoa', 'medium', 'visit (45 min)', 'arrabida-setubal', 'Bacalhoa Vinhos de Portugal', 'One of the Winery Options.', null, 38.5167, -9.0306, 45, ARRAY['slow','romantic','curious']::text[], ARRAY['balanced','full']::text[], ARRAY['wine','heritage']::text[], ARRAY[]::text[], ARRAY[]::text[], 55, ARRAY['southern-lisbon-wine']::text[]);
INSERT INTO public.builder_stops (key, canonical_key, variant_bucket, variant_label, region_key, label, blurb, tag, lat, lng, duration_minutes, mood_tags, pace_tags, intention_tags, who_tags, compatible_with, weight, source_tour_keys) VALUES ('quinta-piloto--short', 'quinta-piloto', 'short', 'quick (30 min)', 'arrabida-setubal', 'Quinta do Piloto', 'An immersive winery tour led by experts to see the vineyards and production facilities.', null, 38.575, -8.9, 30, ARRAY['slow','romantic']::text[], ARRAY['full','balanced']::text[], ARRAY['wine']::text[], ARRAY[]::text[], ARRAY[]::text[], 55, ARRAY['southern-lisbon-wine']::text[]);
INSERT INTO public.builder_stops (key, canonical_key, variant_bucket, variant_label, region_key, label, blurb, tag, lat, lng, duration_minutes, mood_tags, pace_tags, intention_tags, who_tags, compatible_with, weight, source_tour_keys) VALUES ('adega-palmela--short', 'adega-palmela', 'short', 'quick (30 min)', 'arrabida-setubal', 'Adega Coop. de Palmela, C.R.L.', 'An optional stop to journey through historic vineyards and gain insight into time-honored techniques.', null, 38.5697, -8.9, 30, ARRAY['slow','romantic']::text[], ARRAY['full','balanced']::text[], ARRAY['wine']::text[], ARRAY[]::text[], ARRAY[]::text[], 55, ARRAY['southern-lisbon-wine']::text[]);
INSERT INTO public.builder_stops (key, canonical_key, variant_bucket, variant_label, region_key, label, blurb, tag, lat, lng, duration_minutes, mood_tags, pace_tags, intention_tags, who_tags, compatible_with, weight, source_tour_keys) VALUES ('portinho-arrabida--short', 'portinho-arrabida', 'short', 'quick (30 min)', 'arrabida-setubal', 'Portinho da Arrabida', 'A picturesque bay known for its turquoise waters and white sandy beaches. A popular spot for swimming, snorkeling, and hiking.', null, 38.4833, -8.9889, 30, ARRAY['open','energetic']::text[], ARRAY['full','balanced']::text[], ARRAY['coast','nature']::text[], ARRAY[]::text[], ARRAY[]::text[], 55, ARRAY['wild-beaches-picnic']::text[]);
INSERT INTO public.builder_stops (key, canonical_key, variant_bucket, variant_label, region_key, label, blurb, tag, lat, lng, duration_minutes, mood_tags, pace_tags, intention_tags, who_tags, compatible_with, weight, source_tour_keys) VALUES ('praia-galapinhos--medium', 'praia-galapinhos', 'medium', 'visit (60 min)', 'arrabida-setubal', 'Praia de Galapinhos', 'A hidden gem with crystal-clear waters and dramatic cliffs, offering a picture-perfect setting for relaxation.', null, 38.4839, -9.0044, 60, ARRAY['open','energetic','slow']::text[], ARRAY['balanced','full']::text[], ARRAY['coast','hidden','wellness']::text[], ARRAY[]::text[], ARRAY[]::text[], 55, ARRAY['wild-beaches-picnic']::text[]);
INSERT INTO public.builder_stops (key, canonical_key, variant_bucket, variant_label, region_key, label, blurb, tag, lat, lng, duration_minutes, mood_tags, pace_tags, intention_tags, who_tags, compatible_with, weight, source_tour_keys) VALUES ('praia-bicas--medium', 'praia-bicas', 'medium', 'visit (60 min)', 'arrabida-setubal', 'Praia das Bicas', 'A beautiful and wild beach where you can choose to have your private picnic.', null, 38.4006, -9.1781, 60, ARRAY['open','energetic','slow']::text[], ARRAY['balanced','full']::text[], ARRAY['coast','hidden']::text[], ARRAY[]::text[], ARRAY[]::text[], 55, ARRAY['wild-beaches-picnic']::text[]);
INSERT INTO public.builder_stops (key, canonical_key, variant_bucket, variant_label, region_key, label, blurb, tag, lat, lng, duration_minutes, mood_tags, pace_tags, intention_tags, who_tags, compatible_with, weight, source_tour_keys) VALUES ('praia-meco--medium', 'praia-meco', 'medium', 'visit (60 min)', 'arrabida-setubal', 'Praia do Meco', 'Another potential location to enjoy your picnic amidst beautiful scenery.', null, 38.4344, -9.2008, 60, ARRAY['open','energetic','slow']::text[], ARRAY['balanced','full']::text[], ARRAY['coast','hidden']::text[], ARRAY[]::text[], ARRAY[]::text[], 55, ARRAY['wild-beaches-picnic']::text[]);
INSERT INTO public.builder_stops (key, canonical_key, variant_bucket, variant_label, region_key, label, blurb, tag, lat, lng, duration_minutes, mood_tags, pace_tags, intention_tags, who_tags, compatible_with, weight, source_tour_keys) VALUES ('praia-foz--medium', 'praia-foz', 'medium', 'visit (60 min)', 'arrabida-setubal', 'Praia de Foz', 'Decide to do your picnic on any of the beaches on the itinerary; the tour will pass by all of them for the views.', null, 38.4286, -9.2236, 60, ARRAY['open','energetic','slow']::text[], ARRAY['balanced','full']::text[], ARRAY['coast','hidden']::text[], ARRAY[]::text[], ARRAY[]::text[], 55, ARRAY['wild-beaches-picnic']::text[]);
INSERT INTO public.builder_stops (key, canonical_key, variant_bucket, variant_label, region_key, label, blurb, tag, lat, lng, duration_minutes, mood_tags, pace_tags, intention_tags, who_tags, compatible_with, weight, source_tour_keys) VALUES ('lagoa-albufeira--medium', 'lagoa-albufeira', 'medium', 'visit (60 min)', 'arrabida-setubal', 'Praia da Lagoa de Albufeira', 'Visit the lagoon to observe birds and nature; another option for your picnic location.', null, 38.475, -9.1844, 60, ARRAY['open','energetic']::text[], ARRAY['balanced','full']::text[], ARRAY['coast','nature']::text[], ARRAY[]::text[], ARRAY[]::text[], 55, ARRAY['wild-beaches-picnic']::text[]);

-- 8. Seed tour sources (Viator URLs as source-of-truth provenance only)
DELETE FROM public.builder_tour_sources;
INSERT INTO public.builder_tour_sources (tour_key,title,source_url,duration_text,pickup_zone,blurb,inclusions,exclusions,varies_by_option) VALUES ('troia-comporta','Private Troia & Comporta Tour from Lisbon - Ruins, Wine & Beaches','https://www.viator.com/tours/Lisbon/Private-Troia-and-Comporta-Tour-from-Lisbon-Ruins-Wine-and-Coast/d538-349639P18','8 to 9 hours (approx.)','Lisbon, Almada, Sesimbra, or Setúbal (including hotels, apartments, Airbnbs, cruise terminal, and Lisbon Airport).','Escape into one of Portugal’s best-kept secrets — a discreet retreat favored by artists. This private tour blends Roman history, the luxury of Troia Marina, and the secluded elegance of Comporta. You will cross the Sado River by ferry, explore over 2,000 years of history at Roman ruins, and visit the unique Carrasqueira Palafitic Pier. The day includes a wine experience at the iconic Herdade da Comporta and visits to wild Atlantic beaches, all guided by a local expert.',ARRAY['Private transportation in air-conditioned vehicle','Exclusive private experience with a local expert guide','Ferry crossing across the Sado River (vehicle + passengers included)','Guided visit to the Roman Ruins of Tróia (admission included)','Wine experience at Herdade da Comporta (tasting included)','Bottled water throughout the day','Flexible itinerary with scenic stops and hidden gems along the coast','Personalized recommendations for restaurants and local experiences','Pickup and drop-off at your accommodation (Lisbon, Setúbal, Sesimbra or Almada)']::text[],ARRAY['Lunch (curated recommendations provided based on preferences)']::text[],ARRAY['Group size']::text[]);
INSERT INTO public.builder_tour_sources (tour_key,title,source_url,duration_text,pickup_zone,blurb,inclusions,exclusions,varies_by_option) VALUES ('arrabida-sesimbra','Private Tour from Lisbon – Arrábida, Sesimbra & Coastal Boat Ride','https://www.viator.com/tours/Lisbon/Private-Full-Day-Arrabida-and-Sesimbra-with-Boat-Tour-from-Lisbon/d538-349639P12','6 to 8 hours (approx.)','Pickup and drop-off available anywhere in Lisbon, Almada, Sesimbra, or Setúbal, including hotels, apartments, Airbnbs, the Port of Lisbon (cruise terminal), and Lisbon Airport.','Leave Lisbon behind and explore the stunning beauty of southern Lisbon on this unforgettable full day private tour. Discover one of the best fresh markets in the world, wind through the dramatic landscapes of the Arrábida Natural Park, and enjoy a scenic boat ride along the coastline. With flexible boat options including dolphin watching, snorkeling, or kayaking, and visits to historic Sesimbra and Cape Espichel, this private experience is crafted just for you.',ARRAY['Private transportation','Boat Tour (3 different options)','Private local tour guide village','Lunch (when choosing the “Arrabida Discovery Boat Tour with Lunch”)','Private pick up and drop off anywhere in Lisbon, Setúbal, Sesimbra and Almada','Bottled water','Air-conditioned vehicle']::text[],ARRAY['Lunch (unless selecting the “Arrabida Discovery Boat Tour with Lunch” option)','Personal expenses']::text[],ARRAY['Dolphin watching boat ride','Snorkeling boat ride','Kayaking boat ride','Arrabida Discovery Boat Tour with Lunch']::text[]);
INSERT INTO public.builder_tour_sources (tour_key,title,source_url,duration_text,pickup_zone,blurb,inclusions,exclusions,varies_by_option) VALUES ('sintra-cascais-hidden','Private Sintra & Cascais Tour from Lisbon – Hidden Gems & Wine','https://www.viator.com/tours/Lisbon/Sintra-and-Cascais-Hidden-Gems-Private-Tour-with-Wine-Tasting/d538-349639P10','8 to 10 hours (approx.)','Pick-up and drop-off available anywhere in Lisbon, Almada, Sesimbra, or Setúbal (Hotels, apartments, Airbnbs, cruise terminal, or airport).','Discover the cultural gems and coastal charm of Sintra and Cascais on this customizable private tour. Travel in comfort with private transport as you explore fairytale palaces, visit the westernmost point of Europe, and enjoy a wine tasting in the historic Colares region. This flexible itinerary allows you to skip crowds with expert local guidance while enjoying local pastries and breathtaking coastal views.',ARRAY['Private transportation','Air-conditioned vehicle','One palace ticket and wine tour and tasting OR two palace tickets per person','Bottled water','Certified tour guide','Private pick up and drop off anywhere in Lisbon, Setúbal, Almada and Sesimbra','Local pastry']::text[],ARRAY['Lunch']::text[],ARRAY['Choice of one palace ticket and wine tour and tasting OR two palace tickets per person']::text[]);
INSERT INTO public.builder_tour_sources (tour_key,title,source_url,duration_text,pickup_zone,blurb,inclusions,exclusions,varies_by_option) VALUES ('azeitao-cheese','Private Cheese-Making & Wine Tour: Azeitão & Sesimbra from Lisbon','https://www.viator.com/tours/Lisbon/Azeitao-Cheese-Private-Workshop-with-Wine-and-Food-Tasting/d538-349639P9','8 hours 30 minutes (approx.)','Pick Up and Drop Off included anywhere in Lisbon, Almada, Setúbal and Sesimbra. (Extra charge of €30 per person for pick ups from Tróia and Comporta, or take the ferry to Setúbal for included pick up).','Explore beyond Lisbon on this private day tour that combines traditional gastronomy with history. Visit the famous Mercado do Livramento in Setúbal, participate in a hands-on Azeitão cheese-making workshop, and enjoy a wine tasting at Farm Catralvos. The day concludes with a visit to the medieval Sesimbra Castle and scenic views of the Arrábida Natural Park and the Cristo Rei sanctuary.',ARRAY['Air-conditioned vehicle','Private transportation','All Fees and Taxes','Private Azeitão cheese workshop','Toasts, regional bread, fresh cheese, buttery Azeitão cheese, homemade jam/chutney and muscat wine','Bottled water','Private Pick Up and Drop Off anywhere in Lisbon, Almada, Setúbal and Sesimbra','Winery entrances and tastings']::text[],ARRAY['Lunch']::text[],ARRAY[]::text[]);
INSERT INTO public.builder_tour_sources (tour_key,title,source_url,duration_text,pickup_zone,blurb,inclusions,exclusions,varies_by_option) VALUES ('tomar-coimbra','Private Tomar & Coimbra Tour from Lisbon – Templars & Heritage','https://www.viator.com/tours/Lisbon/From-Lisbon-Private-Full-Day-Tour-to-Tomar-and-Coimbra/d538-349639P8','8 to 9 hours (approx.)','Pickup and drop-off available anywhere in Lisbon, Almada, Sesimbra, or Setúbal. We collect from hotels, apartments, Airbnbs, the Port of Lisbon (cruise terminal), and Lisbon Airport.','Discover Portugal’s historic heartlands on this private full‑day tour to Tomar—home to the medieval Templar fortress—and the scholarly city of Coimbra. Explore the UNESCO-listed Convent of Christ and the historic University of Coimbra, featuring the baroque Joanina Library, with a dedicated guide and flexible schedule.',ARRAY['All Fees and Taxes','Private transportation','Air-conditioned vehicle','All entrances and tickets','Certified Tour Guide','Bottled water','Local pastry']::text[],ARRAY['Lunch']::text[],ARRAY['Price varies by group size']::text[]);
INSERT INTO public.builder_tour_sources (tour_key,title,source_url,duration_text,pickup_zone,blurb,inclusions,exclusions,varies_by_option) VALUES ('setubal-wine','Private Evora & Alentejo Wine Tour from Lisbon - Local Traditions','https://www.viator.com/tours/Lisbon/Private-Full-Day-Wine-Tour-in-Setubal-Region-from-Lisbon/d538-349639P6','9 to 11 hours (approx.)','Pickup and drop-off available anywhere in Lisbon, Almada, Sesimbra, or Setúbal. (Hotels, apartments, Airbnbs, the Port of Lisbon, and Lisbon Airport)','Explore the soul of southern Alentejo, a land of slow rhythms and bold flavors. This private full-day experience from Lisbon takes you to the UNESCO-listed city of Évora to walk ancient streets and see the Chapel of Bones. You will visit two carefully selected wineries to taste award-winning wines, visit a traditional cork production site, and enjoy a traditional local lunch. Led by a local host, the tour is relaxed and personally adapted to your interests.',ARRAY['Private pick-up and drop-off at your accommodation','Dedicated local guide/host','All entrance fees (including Chapel of Bones and Évora city visits)','Guided visits and wine tastings at two carefully selected wineries','Traditional tastings of local cheeses and cured meats','Visit a traditional cork production site','Bottled water throughout the day']::text[],ARRAY['Lunch (time is reserved at a selected traditional restaurant, but the meal is not included)']::text[],ARRAY['Winery selection (Joao Portugal Ramos Wines, Enoturismo Cartuxa, Pera-grave, Ervideira, or Herdade do Esporao)']::text[]);
INSERT INTO public.builder_tour_sources (tour_key,title,source_url,duration_text,pickup_zone,blurb,inclusions,exclusions,varies_by_option) VALUES ('fatima-nazare-obidos','Private Lisbon to Fátima, Nazaré & Óbidos Tour – Spirit & Charm','https://www.viator.com/tours/Lisbon/Private-Full-day-Fatima-Nazare-Obidos-Tour-from-Lisbon/d538-349639P5','8 hours (approx.)','Private pickup and drop off anywhere in Lisbon, Setubal, Sesimbra and Almada.','Maximize your time in Portugal with this private, full-day excursion to Fatima, Nazare, and Obidos from Lisbon. Following hotel pick-up, you’ll visit the pilgrimage site of Fatima, explore the fishing village of Nazare for lunch and beach views, and wander the medieval town of Obidos where you can try ginjinha cherry liqueur. This private tour includes roundtrip transportation, a local pastry, and a liqueur tasting.',ARRAY['All Fees and Taxes','Air-conditioned vehicle','Private transportation','Alcoholic Beverages (Ginginha tasting)','Certified tour guide','Private pickup and drop off','Bottled water','Local pastry']::text[],ARRAY['Lunch']::text[],ARRAY[]::text[]);
INSERT INTO public.builder_tour_sources (tour_key,title,source_url,duration_text,pickup_zone,blurb,inclusions,exclusions,varies_by_option) VALUES ('south-lisbon-golf','Private Tile Painting Workshop, Wine & Sesimbra Tour from Lisbon','https://www.viator.com/tours/Lisbon/Full-Day-Golf-and-Wine-tasting-Private-Tour-in-South-Lisbon/d538-349639P4','8 to 9 hours (approx.)','Pickup and drop-off available anywhere in Lisbon, Almada, Sesimbra, or Setúbal. We collect from hotels, apartments, Airbnbs, the Port of Lisbon (cruise terminal), and Lisbon Airport.','Discover the Portugal most travelers never see on this private tour from Lisbon blending authentic traditions, beautiful landscapes and local experiences. Feel the atmosphere of the famous Livramento Market, admire the stunning coastal scenery of Arrábida and discover Portuguese craftsmanship as you paint your own traditional azulejo. Experience the traditions of the Azeitão region with wine and cheese tastings and enjoy the charm of Sesimbra, a picturesque fishing village. Enjoy iconic views from Cristo Rei and explore Portugal at your own pace.',ARRAY['Private transportation','Bottled water','Certified tour guide','Air-conditioned vehicle','Alcoholic Beverages','Tiles Making Workshop and Tile Shipping','All entrances','Cheese tasting']::text[],ARRAY['Lunch']::text[],ARRAY['Winery selection (Farm Catralvos, Jose Maria de Fonseca, or Bacalhoa Vinhos de Portugal)']::text[]);
INSERT INTO public.builder_tour_sources (tour_key,title,source_url,duration_text,pickup_zone,blurb,inclusions,exclusions,varies_by_option) VALUES ('southern-lisbon-wine','Lisbon: Private Arrabida Wine tour - All-Inclusive, Food & Views','https://www.viator.com/tours/Lisbon/Private-Wine-Tour-with-Food-and-Wine-Tasting-in-Southern-Lisbon/d538-349639P3','7 to 9 hours','Pickup and drop-off available anywhere in Lisbon, Almada, Sesimbra, or Setúbal (hotels, apartments, cruise terminal, and airport). Also available in Tróia and Comporta (extra charge applies).','Escape Lisbon for a private journey through the Arrabida and Setubal regions. This all-inclusive tour combines prestigious and family-run wineries with cultural landmarks, traditional tile-making, and a visit to one of the world''s best fresh markets. Savor local delicacies like Azeitão cheese and Sado River oysters while exploring the natural beauty of the Arrabida Natural Park.',ARRAY['Visit 2 or 3 wineries (depending on the experience you choose)','Wine tastings (reds, whites, and Moscatel)','Fresh oysters from the Sado River and traditional Azeitão cheese','Traditional Portuguese lunch in a local restaurant in Azeitão (depending on the selected option)','Private transportation with bottled water','Local certified guide','Visit to Livramento Market, Tile Factory and Arrabida Natural Park','Hotel pickup and drop-off','Admission tickets for included stops (as specified in itinerary)']::text[],ARRAY['Gratuities']::text[],ARRAY['Number of wineries visited (2 or 3)','Inclusion of lunch in Azeitão','Choice between Private or Small Group tour']::text[]);
INSERT INTO public.builder_tour_sources (tour_key,title,source_url,duration_text,pickup_zone,blurb,inclusions,exclusions,varies_by_option) VALUES ('wild-beaches-picnic','Private Lisbon Coastal Tour – Arrábida, Sesimbra and Beach Picnic','https://www.viator.com/tours/Lisbon/Wild-Beaches-and-Picnic-Experience/d538-349639P1','7 hours 30 minutes (approx.)','Private pick-up and drop-off from and to Lisbon, Setúbal, Almada and Sesimbra.','Skip the hassle of research and route planning and embark on a full-day, private Jeep adventure through Arrábida Natural Park and Sesimbra from Lisbon. Experience rugged landscapes, serene beaches, and local culture off the beaten path. Discover the historic fishing village of Sesimbra and its grand castle, enjoy panoramic views from Cabo Espichel, visit the Mercado do Livramento in Setúbal, and much more. Enjoy a private picnic with local products at your beach of choice.',ARRAY['Private transportation','Air-conditioned vehicle','Private Picnic with local cheeses, bread, smoked meats, pastries, fruit, wine, juice and water','Bottled water','All Fees and Taxes','Local certified tour guide','Private pick-up and drop-off in Lisbon, Setúbal, Almada and Sesimbra']::text[],ARRAY['Lunch (other than picnic)']::text[],ARRAY['Pickup location','Picnic beach location choice','Choice between Cabo Espichel or Sesimbra Castle (itinerary sequence varies)']::text[]);

-- 9. Real tour ↔ stop mapping
DELETE FROM public.builder_tour_stops;
INSERT INTO public.builder_tour_stops (tour_key,stop_canonical,variant_bucket,duration_minutes,optional,position) VALUES ('troia-comporta','baia-de-setubal','short',15,false,1) ON CONFLICT (tour_key,stop_canonical,variant_bucket) DO NOTHING;
INSERT INTO public.builder_tour_stops (tour_key,stop_canonical,variant_bucket,duration_minutes,optional,position) VALUES ('troia-comporta','ruinas-romanas-troia','medium',45,false,2) ON CONFLICT (tour_key,stop_canonical,variant_bucket) DO NOTHING;
INSERT INTO public.builder_tour_stops (tour_key,stop_canonical,variant_bucket,duration_minutes,optional,position) VALUES ('troia-comporta','marina-troia','short',15,false,3) ON CONFLICT (tour_key,stop_canonical,variant_bucket) DO NOTHING;
INSERT INTO public.builder_tour_stops (tour_key,stop_canonical,variant_bucket,duration_minutes,optional,position) VALUES ('troia-comporta','cais-palafitico-carrasqueira','short',20,false,4) ON CONFLICT (tour_key,stop_canonical,variant_bucket) DO NOTHING;
INSERT INTO public.builder_tour_stops (tour_key,stop_canonical,variant_bucket,duration_minutes,optional,position) VALUES ('troia-comporta','comporta-village','deep',95,false,5) ON CONFLICT (tour_key,stop_canonical,variant_bucket) DO NOTHING;
INSERT INTO public.builder_tour_stops (tour_key,stop_canonical,variant_bucket,duration_minutes,optional,position) VALUES ('troia-comporta','herdade-comporta','deep',95,false,6) ON CONFLICT (tour_key,stop_canonical,variant_bucket) DO NOTHING;
INSERT INTO public.builder_tour_stops (tour_key,stop_canonical,variant_bucket,duration_minutes,optional,position) VALUES ('troia-comporta','praia-comporta','short',15,true,7) ON CONFLICT (tour_key,stop_canonical,variant_bucket) DO NOTHING;
INSERT INTO public.builder_tour_stops (tour_key,stop_canonical,variant_bucket,duration_minutes,optional,position) VALUES ('troia-comporta','praia-carvalhal','short',15,false,8) ON CONFLICT (tour_key,stop_canonical,variant_bucket) DO NOTHING;
INSERT INTO public.builder_tour_stops (tour_key,stop_canonical,variant_bucket,duration_minutes,optional,position) VALUES ('arrabida-sesimbra','mercado-livramento','medium',45,false,1) ON CONFLICT (tour_key,stop_canonical,variant_bucket) DO NOTHING;
INSERT INTO public.builder_tour_stops (tour_key,stop_canonical,variant_bucket,duration_minutes,optional,position) VALUES ('arrabida-sesimbra','parque-natural-arrabida','medium',60,false,2) ON CONFLICT (tour_key,stop_canonical,variant_bucket) DO NOTHING;
INSERT INTO public.builder_tour_stops (tour_key,stop_canonical,variant_bucket,duration_minutes,optional,position) VALUES ('arrabida-sesimbra','lapa-santa-margarida','short',30,false,3) ON CONFLICT (tour_key,stop_canonical,variant_bucket) DO NOTHING;
INSERT INTO public.builder_tour_stops (tour_key,stop_canonical,variant_bucket,duration_minutes,optional,position) VALUES ('arrabida-sesimbra','castelo-sesimbra','short',30,false,4) ON CONFLICT (tour_key,stop_canonical,variant_bucket) DO NOTHING;
INSERT INTO public.builder_tour_stops (tour_key,stop_canonical,variant_bucket,duration_minutes,optional,position) VALUES ('arrabida-sesimbra','sesimbra-village','extended',240,false,5) ON CONFLICT (tour_key,stop_canonical,variant_bucket) DO NOTHING;
INSERT INTO public.builder_tour_stops (tour_key,stop_canonical,variant_bucket,duration_minutes,optional,position) VALUES ('arrabida-sesimbra','cabo-espichel','short',30,false,6) ON CONFLICT (tour_key,stop_canonical,variant_bucket) DO NOTHING;
INSERT INTO public.builder_tour_stops (tour_key,stop_canonical,variant_bucket,duration_minutes,optional,position) VALUES ('sintra-cascais-hidden','sintra-village','medium',60,false,1) ON CONFLICT (tour_key,stop_canonical,variant_bucket) DO NOTHING;
INSERT INTO public.builder_tour_stops (tour_key,stop_canonical,variant_bucket,duration_minutes,optional,position) VALUES ('sintra-cascais-hidden','palacio-nacional-sintra','deep',90,false,2) ON CONFLICT (tour_key,stop_canonical,variant_bucket) DO NOTHING;
INSERT INTO public.builder_tour_stops (tour_key,stop_canonical,variant_bucket,duration_minutes,optional,position) VALUES ('sintra-cascais-hidden','palacio-pena','deep',90,false,3) ON CONFLICT (tour_key,stop_canonical,variant_bucket) DO NOTHING;
INSERT INTO public.builder_tour_stops (tour_key,stop_canonical,variant_bucket,duration_minutes,optional,position) VALUES ('sintra-cascais-hidden','azenhas-do-mar','deep',90,false,4) ON CONFLICT (tour_key,stop_canonical,variant_bucket) DO NOTHING;
INSERT INTO public.builder_tour_stops (tour_key,stop_canonical,variant_bucket,duration_minutes,optional,position) VALUES ('sintra-cascais-hidden','quinta-regaleira','deep',90,false,5) ON CONFLICT (tour_key,stop_canonical,variant_bucket) DO NOTHING;
INSERT INTO public.builder_tour_stops (tour_key,stop_canonical,variant_bucket,duration_minutes,optional,position) VALUES ('sintra-cascais-hidden','adega-colares','deep',90,false,6) ON CONFLICT (tour_key,stop_canonical,variant_bucket) DO NOTHING;
INSERT INTO public.builder_tour_stops (tour_key,stop_canonical,variant_bucket,duration_minutes,optional,position) VALUES ('sintra-cascais-hidden','cascais-village','medium',45,false,7) ON CONFLICT (tour_key,stop_canonical,variant_bucket) DO NOTHING;
INSERT INTO public.builder_tour_stops (tour_key,stop_canonical,variant_bucket,duration_minutes,optional,position) VALUES ('sintra-cascais-hidden','cabo-da-roca','short',30,false,8) ON CONFLICT (tour_key,stop_canonical,variant_bucket) DO NOTHING;
INSERT INTO public.builder_tour_stops (tour_key,stop_canonical,variant_bucket,duration_minutes,optional,position) VALUES ('azeitao-cheese','mercado-livramento','deep',90,false,1) ON CONFLICT (tour_key,stop_canonical,variant_bucket) DO NOTHING;
INSERT INTO public.builder_tour_stops (tour_key,stop_canonical,variant_bucket,duration_minutes,optional,position) VALUES ('azeitao-cheese','quinta-velha-azeitao','deep',90,false,2) ON CONFLICT (tour_key,stop_canonical,variant_bucket) DO NOTHING;
INSERT INTO public.builder_tour_stops (tour_key,stop_canonical,variant_bucket,duration_minutes,optional,position) VALUES ('azeitao-cheese','azeitao-village','deep',90,false,3) ON CONFLICT (tour_key,stop_canonical,variant_bucket) DO NOTHING;
INSERT INTO public.builder_tour_stops (tour_key,stop_canonical,variant_bucket,duration_minutes,optional,position) VALUES ('azeitao-cheese','farm-catralvos','deep',120,false,4) ON CONFLICT (tour_key,stop_canonical,variant_bucket) DO NOTHING;
INSERT INTO public.builder_tour_stops (tour_key,stop_canonical,variant_bucket,duration_minutes,optional,position) VALUES ('azeitao-cheese','castelo-sesimbra','deep',120,false,5) ON CONFLICT (tour_key,stop_canonical,variant_bucket) DO NOTHING;
INSERT INTO public.builder_tour_stops (tour_key,stop_canonical,variant_bucket,duration_minutes,optional,position) VALUES ('azeitao-cheese','cristo-rei','medium',60,false,6) ON CONFLICT (tour_key,stop_canonical,variant_bucket) DO NOTHING;
INSERT INTO public.builder_tour_stops (tour_key,stop_canonical,variant_bucket,duration_minutes,optional,position) VALUES ('azeitao-cheese','ponte-25-abril','medium',60,false,7) ON CONFLICT (tour_key,stop_canonical,variant_bucket) DO NOTHING;
INSERT INTO public.builder_tour_stops (tour_key,stop_canonical,variant_bucket,duration_minutes,optional,position) VALUES ('tomar-coimbra','tomar-village','deep',120,false,1) ON CONFLICT (tour_key,stop_canonical,variant_bucket) DO NOTHING;
INSERT INTO public.builder_tour_stops (tour_key,stop_canonical,variant_bucket,duration_minutes,optional,position) VALUES ('tomar-coimbra','convento-cristo-tomar','deep',90,false,2) ON CONFLICT (tour_key,stop_canonical,variant_bucket) DO NOTHING;
INSERT INTO public.builder_tour_stops (tour_key,stop_canonical,variant_bucket,duration_minutes,optional,position) VALUES ('tomar-coimbra','coimbra-village','deep',120,false,3) ON CONFLICT (tour_key,stop_canonical,variant_bucket) DO NOTHING;
INSERT INTO public.builder_tour_stops (tour_key,stop_canonical,variant_bucket,duration_minutes,optional,position) VALUES ('tomar-coimbra','universidade-coimbra','deep',90,false,4) ON CONFLICT (tour_key,stop_canonical,variant_bucket) DO NOTHING;
INSERT INTO public.builder_tour_stops (tour_key,stop_canonical,variant_bucket,duration_minutes,optional,position) VALUES ('tomar-coimbra','biblioteca-joanina','deep',90,false,5) ON CONFLICT (tour_key,stop_canonical,variant_bucket) DO NOTHING;
INSERT INTO public.builder_tour_stops (tour_key,stop_canonical,variant_bucket,duration_minutes,optional,position) VALUES ('setubal-wine','ponte-25-abril','short',10,false,1) ON CONFLICT (tour_key,stop_canonical,variant_bucket) DO NOTHING;
INSERT INTO public.builder_tour_stops (tour_key,stop_canonical,variant_bucket,duration_minutes,optional,position) VALUES ('setubal-wine','joao-portugal-ramos','deep',90,true,2) ON CONFLICT (tour_key,stop_canonical,variant_bucket) DO NOTHING;
INSERT INTO public.builder_tour_stops (tour_key,stop_canonical,variant_bucket,duration_minutes,optional,position) VALUES ('setubal-wine','cartuxa','deep',90,true,3) ON CONFLICT (tour_key,stop_canonical,variant_bucket) DO NOTHING;
INSERT INTO public.builder_tour_stops (tour_key,stop_canonical,variant_bucket,duration_minutes,optional,position) VALUES ('setubal-wine','pera-manca','deep',90,true,4) ON CONFLICT (tour_key,stop_canonical,variant_bucket) DO NOTHING;
INSERT INTO public.builder_tour_stops (tour_key,stop_canonical,variant_bucket,duration_minutes,optional,position) VALUES ('setubal-wine','ervideira','deep',90,true,5) ON CONFLICT (tour_key,stop_canonical,variant_bucket) DO NOTHING;
INSERT INTO public.builder_tour_stops (tour_key,stop_canonical,variant_bucket,duration_minutes,optional,position) VALUES ('setubal-wine','esporao','deep',120,true,6) ON CONFLICT (tour_key,stop_canonical,variant_bucket) DO NOTHING;
INSERT INTO public.builder_tour_stops (tour_key,stop_canonical,variant_bucket,duration_minutes,optional,position) VALUES ('setubal-wine','capela-ossos-evora','short',30,false,7) ON CONFLICT (tour_key,stop_canonical,variant_bucket) DO NOTHING;
INSERT INTO public.builder_tour_stops (tour_key,stop_canonical,variant_bucket,duration_minutes,optional,position) VALUES ('setubal-wine','evora-city','medium',60,false,8) ON CONFLICT (tour_key,stop_canonical,variant_bucket) DO NOTHING;
INSERT INTO public.builder_tour_stops (tour_key,stop_canonical,variant_bucket,duration_minutes,optional,position) VALUES ('setubal-wine','templo-diana-evora','short',10,false,9) ON CONFLICT (tour_key,stop_canonical,variant_bucket) DO NOTHING;
INSERT INTO public.builder_tour_stops (tour_key,stop_canonical,variant_bucket,duration_minutes,optional,position) VALUES ('setubal-wine','corticarte','short',30,false,10) ON CONFLICT (tour_key,stop_canonical,variant_bucket) DO NOTHING;
INSERT INTO public.builder_tour_stops (tour_key,stop_canonical,variant_bucket,duration_minutes,optional,position) VALUES ('fatima-nazare-obidos','fatima-sanctuary','deep',120,false,1) ON CONFLICT (tour_key,stop_canonical,variant_bucket) DO NOTHING;
INSERT INTO public.builder_tour_stops (tour_key,stop_canonical,variant_bucket,duration_minutes,optional,position) VALUES ('fatima-nazare-obidos','nazare-village','deep',120,false,2) ON CONFLICT (tour_key,stop_canonical,variant_bucket) DO NOTHING;
INSERT INTO public.builder_tour_stops (tour_key,stop_canonical,variant_bucket,duration_minutes,optional,position) VALUES ('fatima-nazare-obidos','praia-nazare','short',30,false,3) ON CONFLICT (tour_key,stop_canonical,variant_bucket) DO NOTHING;
INSERT INTO public.builder_tour_stops (tour_key,stop_canonical,variant_bucket,duration_minutes,optional,position) VALUES ('fatima-nazare-obidos','obidos-village','deep',90,false,4) ON CONFLICT (tour_key,stop_canonical,variant_bucket) DO NOTHING;
INSERT INTO public.builder_tour_stops (tour_key,stop_canonical,variant_bucket,duration_minutes,optional,position) VALUES ('fatima-nazare-obidos','castelo-obidos','medium',60,false,5) ON CONFLICT (tour_key,stop_canonical,variant_bucket) DO NOTHING;
INSERT INTO public.builder_tour_stops (tour_key,stop_canonical,variant_bucket,duration_minutes,optional,position) VALUES ('south-lisbon-golf','mercado-livramento','short',15,false,1) ON CONFLICT (tour_key,stop_canonical,variant_bucket) DO NOTHING;
INSERT INTO public.builder_tour_stops (tour_key,stop_canonical,variant_bucket,duration_minutes,optional,position) VALUES ('south-lisbon-golf','azulejos-azeitao','deep',120,false,2) ON CONFLICT (tour_key,stop_canonical,variant_bucket) DO NOTHING;
INSERT INTO public.builder_tour_stops (tour_key,stop_canonical,variant_bucket,duration_minutes,optional,position) VALUES ('south-lisbon-golf','castelo-sesimbra','short',20,false,3) ON CONFLICT (tour_key,stop_canonical,variant_bucket) DO NOTHING;
INSERT INTO public.builder_tour_stops (tour_key,stop_canonical,variant_bucket,duration_minutes,optional,position) VALUES ('south-lisbon-golf','sesimbra-village','deep',90,false,4) ON CONFLICT (tour_key,stop_canonical,variant_bucket) DO NOTHING;
INSERT INTO public.builder_tour_stops (tour_key,stop_canonical,variant_bucket,duration_minutes,optional,position) VALUES ('south-lisbon-golf','farm-catralvos','deep',90,true,5) ON CONFLICT (tour_key,stop_canonical,variant_bucket) DO NOTHING;
INSERT INTO public.builder_tour_stops (tour_key,stop_canonical,variant_bucket,duration_minutes,optional,position) VALUES ('south-lisbon-golf','jose-maria-fonseca','deep',90,true,6) ON CONFLICT (tour_key,stop_canonical,variant_bucket) DO NOTHING;
INSERT INTO public.builder_tour_stops (tour_key,stop_canonical,variant_bucket,duration_minutes,optional,position) VALUES ('south-lisbon-golf','bacalhoa','deep',90,true,7) ON CONFLICT (tour_key,stop_canonical,variant_bucket) DO NOTHING;
INSERT INTO public.builder_tour_stops (tour_key,stop_canonical,variant_bucket,duration_minutes,optional,position) VALUES ('south-lisbon-golf','cristo-rei','short',20,false,8) ON CONFLICT (tour_key,stop_canonical,variant_bucket) DO NOTHING;
INSERT INTO public.builder_tour_stops (tour_key,stop_canonical,variant_bucket,duration_minutes,optional,position) VALUES ('southern-lisbon-wine','mercado-livramento','short',30,false,1) ON CONFLICT (tour_key,stop_canonical,variant_bucket) DO NOTHING;
INSERT INTO public.builder_tour_stops (tour_key,stop_canonical,variant_bucket,duration_minutes,optional,position) VALUES ('southern-lisbon-wine','parque-natural-arrabida','short',30,false,2) ON CONFLICT (tour_key,stop_canonical,variant_bucket) DO NOTHING;
INSERT INTO public.builder_tour_stops (tour_key,stop_canonical,variant_bucket,duration_minutes,optional,position) VALUES ('southern-lisbon-wine','azulejos-azeitao','short',30,false,3) ON CONFLICT (tour_key,stop_canonical,variant_bucket) DO NOTHING;
INSERT INTO public.builder_tour_stops (tour_key,stop_canonical,variant_bucket,duration_minutes,optional,position) VALUES ('southern-lisbon-wine','jose-maria-fonseca','medium',45,false,4) ON CONFLICT (tour_key,stop_canonical,variant_bucket) DO NOTHING;
INSERT INTO public.builder_tour_stops (tour_key,stop_canonical,variant_bucket,duration_minutes,optional,position) VALUES ('southern-lisbon-wine','azeitao-village','medium',60,false,5) ON CONFLICT (tour_key,stop_canonical,variant_bucket) DO NOTHING;
INSERT INTO public.builder_tour_stops (tour_key,stop_canonical,variant_bucket,duration_minutes,optional,position) VALUES ('southern-lisbon-wine','farm-catralvos','medium',45,false,6) ON CONFLICT (tour_key,stop_canonical,variant_bucket) DO NOTHING;
INSERT INTO public.builder_tour_stops (tour_key,stop_canonical,variant_bucket,duration_minutes,optional,position) VALUES ('southern-lisbon-wine','quinta-piloto','short',30,false,7) ON CONFLICT (tour_key,stop_canonical,variant_bucket) DO NOTHING;
INSERT INTO public.builder_tour_stops (tour_key,stop_canonical,variant_bucket,duration_minutes,optional,position) VALUES ('southern-lisbon-wine','adega-palmela','short',30,true,8) ON CONFLICT (tour_key,stop_canonical,variant_bucket) DO NOTHING;
INSERT INTO public.builder_tour_stops (tour_key,stop_canonical,variant_bucket,duration_minutes,optional,position) VALUES ('southern-lisbon-wine','bacalhoa','medium',45,true,9) ON CONFLICT (tour_key,stop_canonical,variant_bucket) DO NOTHING;
INSERT INTO public.builder_tour_stops (tour_key,stop_canonical,variant_bucket,duration_minutes,optional,position) VALUES ('southern-lisbon-wine','castelo-sesimbra','short',15,true,10) ON CONFLICT (tour_key,stop_canonical,variant_bucket) DO NOTHING;
INSERT INTO public.builder_tour_stops (tour_key,stop_canonical,variant_bucket,duration_minutes,optional,position) VALUES ('southern-lisbon-wine','cristo-rei','short',15,true,11) ON CONFLICT (tour_key,stop_canonical,variant_bucket) DO NOTHING;
INSERT INTO public.builder_tour_stops (tour_key,stop_canonical,variant_bucket,duration_minutes,optional,position) VALUES ('wild-beaches-picnic','mercado-livramento','short',30,false,1) ON CONFLICT (tour_key,stop_canonical,variant_bucket) DO NOTHING;
INSERT INTO public.builder_tour_stops (tour_key,stop_canonical,variant_bucket,duration_minutes,optional,position) VALUES ('wild-beaches-picnic','parque-natural-arrabida','medium',60,false,2) ON CONFLICT (tour_key,stop_canonical,variant_bucket) DO NOTHING;
INSERT INTO public.builder_tour_stops (tour_key,stop_canonical,variant_bucket,duration_minutes,optional,position) VALUES ('wild-beaches-picnic','portinho-arrabida','short',30,false,3) ON CONFLICT (tour_key,stop_canonical,variant_bucket) DO NOTHING;
INSERT INTO public.builder_tour_stops (tour_key,stop_canonical,variant_bucket,duration_minutes,optional,position) VALUES ('wild-beaches-picnic','praia-galapinhos','medium',60,false,4) ON CONFLICT (tour_key,stop_canonical,variant_bucket) DO NOTHING;
INSERT INTO public.builder_tour_stops (tour_key,stop_canonical,variant_bucket,duration_minutes,optional,position) VALUES ('wild-beaches-picnic','lapa-santa-margarida','short',30,false,5) ON CONFLICT (tour_key,stop_canonical,variant_bucket) DO NOTHING;
INSERT INTO public.builder_tour_stops (tour_key,stop_canonical,variant_bucket,duration_minutes,optional,position) VALUES ('wild-beaches-picnic','sesimbra-village','short',30,false,6) ON CONFLICT (tour_key,stop_canonical,variant_bucket) DO NOTHING;
INSERT INTO public.builder_tour_stops (tour_key,stop_canonical,variant_bucket,duration_minutes,optional,position) VALUES ('wild-beaches-picnic','cabo-espichel','medium',40,false,7) ON CONFLICT (tour_key,stop_canonical,variant_bucket) DO NOTHING;
INSERT INTO public.builder_tour_stops (tour_key,stop_canonical,variant_bucket,duration_minutes,optional,position) VALUES ('wild-beaches-picnic','praia-bicas','medium',60,false,8) ON CONFLICT (tour_key,stop_canonical,variant_bucket) DO NOTHING;
INSERT INTO public.builder_tour_stops (tour_key,stop_canonical,variant_bucket,duration_minutes,optional,position) VALUES ('wild-beaches-picnic','praia-meco','medium',60,false,9) ON CONFLICT (tour_key,stop_canonical,variant_bucket) DO NOTHING;
INSERT INTO public.builder_tour_stops (tour_key,stop_canonical,variant_bucket,duration_minutes,optional,position) VALUES ('wild-beaches-picnic','castelo-sesimbra','short',30,false,10) ON CONFLICT (tour_key,stop_canonical,variant_bucket) DO NOTHING;
INSERT INTO public.builder_tour_stops (tour_key,stop_canonical,variant_bucket,duration_minutes,optional,position) VALUES ('wild-beaches-picnic','praia-foz','medium',60,false,11) ON CONFLICT (tour_key,stop_canonical,variant_bucket) DO NOTHING;
INSERT INTO public.builder_tour_stops (tour_key,stop_canonical,variant_bucket,duration_minutes,optional,position) VALUES ('wild-beaches-picnic','lagoa-albufeira','medium',60,false,12) ON CONFLICT (tour_key,stop_canonical,variant_bucket) DO NOTHING;
INSERT INTO public.builder_tour_stops (tour_key,stop_canonical,variant_bucket,duration_minutes,optional,position) VALUES ('wild-beaches-picnic','cristo-rei','medium',60,false,13) ON CONFLICT (tour_key,stop_canonical,variant_bucket) DO NOTHING;
INSERT INTO public.builder_tour_stops (tour_key,stop_canonical,variant_bucket,duration_minutes,optional,position) VALUES ('wild-beaches-picnic','ponte-25-abril','medium',60,false,14) ON CONFLICT (tour_key,stop_canonical,variant_bucket) DO NOTHING;

-- 10. Compatibility from real co-occurrence
DELETE FROM public.builder_compatibility_rules;
INSERT INTO public.builder_compatibility_rules (stop_a,stop_b,cooccurrence_count) VALUES ('baia-de-setubal','ruinas-romanas-troia',1) ON CONFLICT (stop_a,stop_b) DO UPDATE SET cooccurrence_count=EXCLUDED.cooccurrence_count;
INSERT INTO public.builder_compatibility_rules (stop_a,stop_b,cooccurrence_count) VALUES ('baia-de-setubal','marina-troia',1) ON CONFLICT (stop_a,stop_b) DO UPDATE SET cooccurrence_count=EXCLUDED.cooccurrence_count;
INSERT INTO public.builder_compatibility_rules (stop_a,stop_b,cooccurrence_count) VALUES ('baia-de-setubal','cais-palafitico-carrasqueira',1) ON CONFLICT (stop_a,stop_b) DO UPDATE SET cooccurrence_count=EXCLUDED.cooccurrence_count;
INSERT INTO public.builder_compatibility_rules (stop_a,stop_b,cooccurrence_count) VALUES ('baia-de-setubal','comporta-village',1) ON CONFLICT (stop_a,stop_b) DO UPDATE SET cooccurrence_count=EXCLUDED.cooccurrence_count;
INSERT INTO public.builder_compatibility_rules (stop_a,stop_b,cooccurrence_count) VALUES ('baia-de-setubal','herdade-comporta',1) ON CONFLICT (stop_a,stop_b) DO UPDATE SET cooccurrence_count=EXCLUDED.cooccurrence_count;
INSERT INTO public.builder_compatibility_rules (stop_a,stop_b,cooccurrence_count) VALUES ('baia-de-setubal','praia-comporta',1) ON CONFLICT (stop_a,stop_b) DO UPDATE SET cooccurrence_count=EXCLUDED.cooccurrence_count;
INSERT INTO public.builder_compatibility_rules (stop_a,stop_b,cooccurrence_count) VALUES ('baia-de-setubal','praia-carvalhal',1) ON CONFLICT (stop_a,stop_b) DO UPDATE SET cooccurrence_count=EXCLUDED.cooccurrence_count;
INSERT INTO public.builder_compatibility_rules (stop_a,stop_b,cooccurrence_count) VALUES ('marina-troia','ruinas-romanas-troia',1) ON CONFLICT (stop_a,stop_b) DO UPDATE SET cooccurrence_count=EXCLUDED.cooccurrence_count;
INSERT INTO public.builder_compatibility_rules (stop_a,stop_b,cooccurrence_count) VALUES ('cais-palafitico-carrasqueira','ruinas-romanas-troia',1) ON CONFLICT (stop_a,stop_b) DO UPDATE SET cooccurrence_count=EXCLUDED.cooccurrence_count;
INSERT INTO public.builder_compatibility_rules (stop_a,stop_b,cooccurrence_count) VALUES ('comporta-village','ruinas-romanas-troia',1) ON CONFLICT (stop_a,stop_b) DO UPDATE SET cooccurrence_count=EXCLUDED.cooccurrence_count;
INSERT INTO public.builder_compatibility_rules (stop_a,stop_b,cooccurrence_count) VALUES ('herdade-comporta','ruinas-romanas-troia',1) ON CONFLICT (stop_a,stop_b) DO UPDATE SET cooccurrence_count=EXCLUDED.cooccurrence_count;
INSERT INTO public.builder_compatibility_rules (stop_a,stop_b,cooccurrence_count) VALUES ('praia-comporta','ruinas-romanas-troia',1) ON CONFLICT (stop_a,stop_b) DO UPDATE SET cooccurrence_count=EXCLUDED.cooccurrence_count;
INSERT INTO public.builder_compatibility_rules (stop_a,stop_b,cooccurrence_count) VALUES ('praia-carvalhal','ruinas-romanas-troia',1) ON CONFLICT (stop_a,stop_b) DO UPDATE SET cooccurrence_count=EXCLUDED.cooccurrence_count;
INSERT INTO public.builder_compatibility_rules (stop_a,stop_b,cooccurrence_count) VALUES ('cais-palafitico-carrasqueira','marina-troia',1) ON CONFLICT (stop_a,stop_b) DO UPDATE SET cooccurrence_count=EXCLUDED.cooccurrence_count;
INSERT INTO public.builder_compatibility_rules (stop_a,stop_b,cooccurrence_count) VALUES ('comporta-village','marina-troia',1) ON CONFLICT (stop_a,stop_b) DO UPDATE SET cooccurrence_count=EXCLUDED.cooccurrence_count;
INSERT INTO public.builder_compatibility_rules (stop_a,stop_b,cooccurrence_count) VALUES ('herdade-comporta','marina-troia',1) ON CONFLICT (stop_a,stop_b) DO UPDATE SET cooccurrence_count=EXCLUDED.cooccurrence_count;
INSERT INTO public.builder_compatibility_rules (stop_a,stop_b,cooccurrence_count) VALUES ('marina-troia','praia-comporta',1) ON CONFLICT (stop_a,stop_b) DO UPDATE SET cooccurrence_count=EXCLUDED.cooccurrence_count;
INSERT INTO public.builder_compatibility_rules (stop_a,stop_b,cooccurrence_count) VALUES ('marina-troia','praia-carvalhal',1) ON CONFLICT (stop_a,stop_b) DO UPDATE SET cooccurrence_count=EXCLUDED.cooccurrence_count;
INSERT INTO public.builder_compatibility_rules (stop_a,stop_b,cooccurrence_count) VALUES ('cais-palafitico-carrasqueira','comporta-village',1) ON CONFLICT (stop_a,stop_b) DO UPDATE SET cooccurrence_count=EXCLUDED.cooccurrence_count;
INSERT INTO public.builder_compatibility_rules (stop_a,stop_b,cooccurrence_count) VALUES ('cais-palafitico-carrasqueira','herdade-comporta',1) ON CONFLICT (stop_a,stop_b) DO UPDATE SET cooccurrence_count=EXCLUDED.cooccurrence_count;
INSERT INTO public.builder_compatibility_rules (stop_a,stop_b,cooccurrence_count) VALUES ('cais-palafitico-carrasqueira','praia-comporta',1) ON CONFLICT (stop_a,stop_b) DO UPDATE SET cooccurrence_count=EXCLUDED.cooccurrence_count;
INSERT INTO public.builder_compatibility_rules (stop_a,stop_b,cooccurrence_count) VALUES ('cais-palafitico-carrasqueira','praia-carvalhal',1) ON CONFLICT (stop_a,stop_b) DO UPDATE SET cooccurrence_count=EXCLUDED.cooccurrence_count;
INSERT INTO public.builder_compatibility_rules (stop_a,stop_b,cooccurrence_count) VALUES ('comporta-village','herdade-comporta',1) ON CONFLICT (stop_a,stop_b) DO UPDATE SET cooccurrence_count=EXCLUDED.cooccurrence_count;
INSERT INTO public.builder_compatibility_rules (stop_a,stop_b,cooccurrence_count) VALUES ('comporta-village','praia-comporta',1) ON CONFLICT (stop_a,stop_b) DO UPDATE SET cooccurrence_count=EXCLUDED.cooccurrence_count;
INSERT INTO public.builder_compatibility_rules (stop_a,stop_b,cooccurrence_count) VALUES ('comporta-village','praia-carvalhal',1) ON CONFLICT (stop_a,stop_b) DO UPDATE SET cooccurrence_count=EXCLUDED.cooccurrence_count;
INSERT INTO public.builder_compatibility_rules (stop_a,stop_b,cooccurrence_count) VALUES ('herdade-comporta','praia-comporta',1) ON CONFLICT (stop_a,stop_b) DO UPDATE SET cooccurrence_count=EXCLUDED.cooccurrence_count;
INSERT INTO public.builder_compatibility_rules (stop_a,stop_b,cooccurrence_count) VALUES ('herdade-comporta','praia-carvalhal',1) ON CONFLICT (stop_a,stop_b) DO UPDATE SET cooccurrence_count=EXCLUDED.cooccurrence_count;
INSERT INTO public.builder_compatibility_rules (stop_a,stop_b,cooccurrence_count) VALUES ('praia-carvalhal','praia-comporta',1) ON CONFLICT (stop_a,stop_b) DO UPDATE SET cooccurrence_count=EXCLUDED.cooccurrence_count;
INSERT INTO public.builder_compatibility_rules (stop_a,stop_b,cooccurrence_count) VALUES ('mercado-livramento','parque-natural-arrabida',3) ON CONFLICT (stop_a,stop_b) DO UPDATE SET cooccurrence_count=EXCLUDED.cooccurrence_count;
INSERT INTO public.builder_compatibility_rules (stop_a,stop_b,cooccurrence_count) VALUES ('lapa-santa-margarida','mercado-livramento',2) ON CONFLICT (stop_a,stop_b) DO UPDATE SET cooccurrence_count=EXCLUDED.cooccurrence_count;
INSERT INTO public.builder_compatibility_rules (stop_a,stop_b,cooccurrence_count) VALUES ('castelo-sesimbra','mercado-livramento',5) ON CONFLICT (stop_a,stop_b) DO UPDATE SET cooccurrence_count=EXCLUDED.cooccurrence_count;
INSERT INTO public.builder_compatibility_rules (stop_a,stop_b,cooccurrence_count) VALUES ('mercado-livramento','sesimbra-village',3) ON CONFLICT (stop_a,stop_b) DO UPDATE SET cooccurrence_count=EXCLUDED.cooccurrence_count;
INSERT INTO public.builder_compatibility_rules (stop_a,stop_b,cooccurrence_count) VALUES ('cabo-espichel','mercado-livramento',2) ON CONFLICT (stop_a,stop_b) DO UPDATE SET cooccurrence_count=EXCLUDED.cooccurrence_count;
INSERT INTO public.builder_compatibility_rules (stop_a,stop_b,cooccurrence_count) VALUES ('lapa-santa-margarida','parque-natural-arrabida',2) ON CONFLICT (stop_a,stop_b) DO UPDATE SET cooccurrence_count=EXCLUDED.cooccurrence_count;
INSERT INTO public.builder_compatibility_rules (stop_a,stop_b,cooccurrence_count) VALUES ('castelo-sesimbra','parque-natural-arrabida',3) ON CONFLICT (stop_a,stop_b) DO UPDATE SET cooccurrence_count=EXCLUDED.cooccurrence_count;
INSERT INTO public.builder_compatibility_rules (stop_a,stop_b,cooccurrence_count) VALUES ('parque-natural-arrabida','sesimbra-village',2) ON CONFLICT (stop_a,stop_b) DO UPDATE SET cooccurrence_count=EXCLUDED.cooccurrence_count;
INSERT INTO public.builder_compatibility_rules (stop_a,stop_b,cooccurrence_count) VALUES ('cabo-espichel','parque-natural-arrabida',2) ON CONFLICT (stop_a,stop_b) DO UPDATE SET cooccurrence_count=EXCLUDED.cooccurrence_count;
INSERT INTO public.builder_compatibility_rules (stop_a,stop_b,cooccurrence_count) VALUES ('castelo-sesimbra','lapa-santa-margarida',2) ON CONFLICT (stop_a,stop_b) DO UPDATE SET cooccurrence_count=EXCLUDED.cooccurrence_count;
INSERT INTO public.builder_compatibility_rules (stop_a,stop_b,cooccurrence_count) VALUES ('lapa-santa-margarida','sesimbra-village',2) ON CONFLICT (stop_a,stop_b) DO UPDATE SET cooccurrence_count=EXCLUDED.cooccurrence_count;
INSERT INTO public.builder_compatibility_rules (stop_a,stop_b,cooccurrence_count) VALUES ('cabo-espichel','lapa-santa-margarida',2) ON CONFLICT (stop_a,stop_b) DO UPDATE SET cooccurrence_count=EXCLUDED.cooccurrence_count;
INSERT INTO public.builder_compatibility_rules (stop_a,stop_b,cooccurrence_count) VALUES ('castelo-sesimbra','sesimbra-village',3) ON CONFLICT (stop_a,stop_b) DO UPDATE SET cooccurrence_count=EXCLUDED.cooccurrence_count;
INSERT INTO public.builder_compatibility_rules (stop_a,stop_b,cooccurrence_count) VALUES ('cabo-espichel','castelo-sesimbra',2) ON CONFLICT (stop_a,stop_b) DO UPDATE SET cooccurrence_count=EXCLUDED.cooccurrence_count;
INSERT INTO public.builder_compatibility_rules (stop_a,stop_b,cooccurrence_count) VALUES ('cabo-espichel','sesimbra-village',2) ON CONFLICT (stop_a,stop_b) DO UPDATE SET cooccurrence_count=EXCLUDED.cooccurrence_count;
INSERT INTO public.builder_compatibility_rules (stop_a,stop_b,cooccurrence_count) VALUES ('palacio-nacional-sintra','sintra-village',1) ON CONFLICT (stop_a,stop_b) DO UPDATE SET cooccurrence_count=EXCLUDED.cooccurrence_count;
INSERT INTO public.builder_compatibility_rules (stop_a,stop_b,cooccurrence_count) VALUES ('palacio-pena','sintra-village',1) ON CONFLICT (stop_a,stop_b) DO UPDATE SET cooccurrence_count=EXCLUDED.cooccurrence_count;
INSERT INTO public.builder_compatibility_rules (stop_a,stop_b,cooccurrence_count) VALUES ('azenhas-do-mar','sintra-village',1) ON CONFLICT (stop_a,stop_b) DO UPDATE SET cooccurrence_count=EXCLUDED.cooccurrence_count;
INSERT INTO public.builder_compatibility_rules (stop_a,stop_b,cooccurrence_count) VALUES ('quinta-regaleira','sintra-village',1) ON CONFLICT (stop_a,stop_b) DO UPDATE SET cooccurrence_count=EXCLUDED.cooccurrence_count;
INSERT INTO public.builder_compatibility_rules (stop_a,stop_b,cooccurrence_count) VALUES ('adega-colares','sintra-village',1) ON CONFLICT (stop_a,stop_b) DO UPDATE SET cooccurrence_count=EXCLUDED.cooccurrence_count;
INSERT INTO public.builder_compatibility_rules (stop_a,stop_b,cooccurrence_count) VALUES ('cascais-village','sintra-village',1) ON CONFLICT (stop_a,stop_b) DO UPDATE SET cooccurrence_count=EXCLUDED.cooccurrence_count;
INSERT INTO public.builder_compatibility_rules (stop_a,stop_b,cooccurrence_count) VALUES ('cabo-da-roca','sintra-village',1) ON CONFLICT (stop_a,stop_b) DO UPDATE SET cooccurrence_count=EXCLUDED.cooccurrence_count;
INSERT INTO public.builder_compatibility_rules (stop_a,stop_b,cooccurrence_count) VALUES ('palacio-nacional-sintra','palacio-pena',1) ON CONFLICT (stop_a,stop_b) DO UPDATE SET cooccurrence_count=EXCLUDED.cooccurrence_count;
INSERT INTO public.builder_compatibility_rules (stop_a,stop_b,cooccurrence_count) VALUES ('azenhas-do-mar','palacio-nacional-sintra',1) ON CONFLICT (stop_a,stop_b) DO UPDATE SET cooccurrence_count=EXCLUDED.cooccurrence_count;
INSERT INTO public.builder_compatibility_rules (stop_a,stop_b,cooccurrence_count) VALUES ('palacio-nacional-sintra','quinta-regaleira',1) ON CONFLICT (stop_a,stop_b) DO UPDATE SET cooccurrence_count=EXCLUDED.cooccurrence_count;
INSERT INTO public.builder_compatibility_rules (stop_a,stop_b,cooccurrence_count) VALUES ('adega-colares','palacio-nacional-sintra',1) ON CONFLICT (stop_a,stop_b) DO UPDATE SET cooccurrence_count=EXCLUDED.cooccurrence_count;
INSERT INTO public.builder_compatibility_rules (stop_a,stop_b,cooccurrence_count) VALUES ('cascais-village','palacio-nacional-sintra',1) ON CONFLICT (stop_a,stop_b) DO UPDATE SET cooccurrence_count=EXCLUDED.cooccurrence_count;
INSERT INTO public.builder_compatibility_rules (stop_a,stop_b,cooccurrence_count) VALUES ('cabo-da-roca','palacio-nacional-sintra',1) ON CONFLICT (stop_a,stop_b) DO UPDATE SET cooccurrence_count=EXCLUDED.cooccurrence_count;
INSERT INTO public.builder_compatibility_rules (stop_a,stop_b,cooccurrence_count) VALUES ('azenhas-do-mar','palacio-pena',1) ON CONFLICT (stop_a,stop_b) DO UPDATE SET cooccurrence_count=EXCLUDED.cooccurrence_count;
INSERT INTO public.builder_compatibility_rules (stop_a,stop_b,cooccurrence_count) VALUES ('palacio-pena','quinta-regaleira',1) ON CONFLICT (stop_a,stop_b) DO UPDATE SET cooccurrence_count=EXCLUDED.cooccurrence_count;
INSERT INTO public.builder_compatibility_rules (stop_a,stop_b,cooccurrence_count) VALUES ('adega-colares','palacio-pena',1) ON CONFLICT (stop_a,stop_b) DO UPDATE SET cooccurrence_count=EXCLUDED.cooccurrence_count;
INSERT INTO public.builder_compatibility_rules (stop_a,stop_b,cooccurrence_count) VALUES ('cascais-village','palacio-pena',1) ON CONFLICT (stop_a,stop_b) DO UPDATE SET cooccurrence_count=EXCLUDED.cooccurrence_count;
INSERT INTO public.builder_compatibility_rules (stop_a,stop_b,cooccurrence_count) VALUES ('cabo-da-roca','palacio-pena',1) ON CONFLICT (stop_a,stop_b) DO UPDATE SET cooccurrence_count=EXCLUDED.cooccurrence_count;
INSERT INTO public.builder_compatibility_rules (stop_a,stop_b,cooccurrence_count) VALUES ('azenhas-do-mar','quinta-regaleira',1) ON CONFLICT (stop_a,stop_b) DO UPDATE SET cooccurrence_count=EXCLUDED.cooccurrence_count;
INSERT INTO public.builder_compatibility_rules (stop_a,stop_b,cooccurrence_count) VALUES ('adega-colares','azenhas-do-mar',1) ON CONFLICT (stop_a,stop_b) DO UPDATE SET cooccurrence_count=EXCLUDED.cooccurrence_count;
INSERT INTO public.builder_compatibility_rules (stop_a,stop_b,cooccurrence_count) VALUES ('azenhas-do-mar','cascais-village',1) ON CONFLICT (stop_a,stop_b) DO UPDATE SET cooccurrence_count=EXCLUDED.cooccurrence_count;
INSERT INTO public.builder_compatibility_rules (stop_a,stop_b,cooccurrence_count) VALUES ('azenhas-do-mar','cabo-da-roca',1) ON CONFLICT (stop_a,stop_b) DO UPDATE SET cooccurrence_count=EXCLUDED.cooccurrence_count;
INSERT INTO public.builder_compatibility_rules (stop_a,stop_b,cooccurrence_count) VALUES ('adega-colares','quinta-regaleira',1) ON CONFLICT (stop_a,stop_b) DO UPDATE SET cooccurrence_count=EXCLUDED.cooccurrence_count;
INSERT INTO public.builder_compatibility_rules (stop_a,stop_b,cooccurrence_count) VALUES ('cascais-village','quinta-regaleira',1) ON CONFLICT (stop_a,stop_b) DO UPDATE SET cooccurrence_count=EXCLUDED.cooccurrence_count;
INSERT INTO public.builder_compatibility_rules (stop_a,stop_b,cooccurrence_count) VALUES ('cabo-da-roca','quinta-regaleira',1) ON CONFLICT (stop_a,stop_b) DO UPDATE SET cooccurrence_count=EXCLUDED.cooccurrence_count;
INSERT INTO public.builder_compatibility_rules (stop_a,stop_b,cooccurrence_count) VALUES ('adega-colares','cascais-village',1) ON CONFLICT (stop_a,stop_b) DO UPDATE SET cooccurrence_count=EXCLUDED.cooccurrence_count;
INSERT INTO public.builder_compatibility_rules (stop_a,stop_b,cooccurrence_count) VALUES ('adega-colares','cabo-da-roca',1) ON CONFLICT (stop_a,stop_b) DO UPDATE SET cooccurrence_count=EXCLUDED.cooccurrence_count;
INSERT INTO public.builder_compatibility_rules (stop_a,stop_b,cooccurrence_count) VALUES ('cabo-da-roca','cascais-village',1) ON CONFLICT (stop_a,stop_b) DO UPDATE SET cooccurrence_count=EXCLUDED.cooccurrence_count;
INSERT INTO public.builder_compatibility_rules (stop_a,stop_b,cooccurrence_count) VALUES ('mercado-livramento','quinta-velha-azeitao',1) ON CONFLICT (stop_a,stop_b) DO UPDATE SET cooccurrence_count=EXCLUDED.cooccurrence_count;
INSERT INTO public.builder_compatibility_rules (stop_a,stop_b,cooccurrence_count) VALUES ('azeitao-village','mercado-livramento',2) ON CONFLICT (stop_a,stop_b) DO UPDATE SET cooccurrence_count=EXCLUDED.cooccurrence_count;
INSERT INTO public.builder_compatibility_rules (stop_a,stop_b,cooccurrence_count) VALUES ('farm-catralvos','mercado-livramento',3) ON CONFLICT (stop_a,stop_b) DO UPDATE SET cooccurrence_count=EXCLUDED.cooccurrence_count;
INSERT INTO public.builder_compatibility_rules (stop_a,stop_b,cooccurrence_count) VALUES ('cristo-rei','mercado-livramento',4) ON CONFLICT (stop_a,stop_b) DO UPDATE SET cooccurrence_count=EXCLUDED.cooccurrence_count;
INSERT INTO public.builder_compatibility_rules (stop_a,stop_b,cooccurrence_count) VALUES ('mercado-livramento','ponte-25-abril',2) ON CONFLICT (stop_a,stop_b) DO UPDATE SET cooccurrence_count=EXCLUDED.cooccurrence_count;
INSERT INTO public.builder_compatibility_rules (stop_a,stop_b,cooccurrence_count) VALUES ('azeitao-village','quinta-velha-azeitao',1) ON CONFLICT (stop_a,stop_b) DO UPDATE SET cooccurrence_count=EXCLUDED.cooccurrence_count;
INSERT INTO public.builder_compatibility_rules (stop_a,stop_b,cooccurrence_count) VALUES ('farm-catralvos','quinta-velha-azeitao',1) ON CONFLICT (stop_a,stop_b) DO UPDATE SET cooccurrence_count=EXCLUDED.cooccurrence_count;
INSERT INTO public.builder_compatibility_rules (stop_a,stop_b,cooccurrence_count) VALUES ('castelo-sesimbra','quinta-velha-azeitao',1) ON CONFLICT (stop_a,stop_b) DO UPDATE SET cooccurrence_count=EXCLUDED.cooccurrence_count;
INSERT INTO public.builder_compatibility_rules (stop_a,stop_b,cooccurrence_count) VALUES ('cristo-rei','quinta-velha-azeitao',1) ON CONFLICT (stop_a,stop_b) DO UPDATE SET cooccurrence_count=EXCLUDED.cooccurrence_count;
INSERT INTO public.builder_compatibility_rules (stop_a,stop_b,cooccurrence_count) VALUES ('ponte-25-abril','quinta-velha-azeitao',1) ON CONFLICT (stop_a,stop_b) DO UPDATE SET cooccurrence_count=EXCLUDED.cooccurrence_count;
INSERT INTO public.builder_compatibility_rules (stop_a,stop_b,cooccurrence_count) VALUES ('azeitao-village','farm-catralvos',2) ON CONFLICT (stop_a,stop_b) DO UPDATE SET cooccurrence_count=EXCLUDED.cooccurrence_count;
INSERT INTO public.builder_compatibility_rules (stop_a,stop_b,cooccurrence_count) VALUES ('azeitao-village','castelo-sesimbra',2) ON CONFLICT (stop_a,stop_b) DO UPDATE SET cooccurrence_count=EXCLUDED.cooccurrence_count;
INSERT INTO public.builder_compatibility_rules (stop_a,stop_b,cooccurrence_count) VALUES ('azeitao-village','cristo-rei',2) ON CONFLICT (stop_a,stop_b) DO UPDATE SET cooccurrence_count=EXCLUDED.cooccurrence_count;
INSERT INTO public.builder_compatibility_rules (stop_a,stop_b,cooccurrence_count) VALUES ('azeitao-village','ponte-25-abril',1) ON CONFLICT (stop_a,stop_b) DO UPDATE SET cooccurrence_count=EXCLUDED.cooccurrence_count;
INSERT INTO public.builder_compatibility_rules (stop_a,stop_b,cooccurrence_count) VALUES ('castelo-sesimbra','farm-catralvos',3) ON CONFLICT (stop_a,stop_b) DO UPDATE SET cooccurrence_count=EXCLUDED.cooccurrence_count;
INSERT INTO public.builder_compatibility_rules (stop_a,stop_b,cooccurrence_count) VALUES ('cristo-rei','farm-catralvos',3) ON CONFLICT (stop_a,stop_b) DO UPDATE SET cooccurrence_count=EXCLUDED.cooccurrence_count;
INSERT INTO public.builder_compatibility_rules (stop_a,stop_b,cooccurrence_count) VALUES ('farm-catralvos','ponte-25-abril',1) ON CONFLICT (stop_a,stop_b) DO UPDATE SET cooccurrence_count=EXCLUDED.cooccurrence_count;
INSERT INTO public.builder_compatibility_rules (stop_a,stop_b,cooccurrence_count) VALUES ('castelo-sesimbra','cristo-rei',4) ON CONFLICT (stop_a,stop_b) DO UPDATE SET cooccurrence_count=EXCLUDED.cooccurrence_count;
INSERT INTO public.builder_compatibility_rules (stop_a,stop_b,cooccurrence_count) VALUES ('castelo-sesimbra','ponte-25-abril',2) ON CONFLICT (stop_a,stop_b) DO UPDATE SET cooccurrence_count=EXCLUDED.cooccurrence_count;
INSERT INTO public.builder_compatibility_rules (stop_a,stop_b,cooccurrence_count) VALUES ('cristo-rei','ponte-25-abril',2) ON CONFLICT (stop_a,stop_b) DO UPDATE SET cooccurrence_count=EXCLUDED.cooccurrence_count;
INSERT INTO public.builder_compatibility_rules (stop_a,stop_b,cooccurrence_count) VALUES ('convento-cristo-tomar','tomar-village',1) ON CONFLICT (stop_a,stop_b) DO UPDATE SET cooccurrence_count=EXCLUDED.cooccurrence_count;
INSERT INTO public.builder_compatibility_rules (stop_a,stop_b,cooccurrence_count) VALUES ('coimbra-village','tomar-village',1) ON CONFLICT (stop_a,stop_b) DO UPDATE SET cooccurrence_count=EXCLUDED.cooccurrence_count;
INSERT INTO public.builder_compatibility_rules (stop_a,stop_b,cooccurrence_count) VALUES ('tomar-village','universidade-coimbra',1) ON CONFLICT (stop_a,stop_b) DO UPDATE SET cooccurrence_count=EXCLUDED.cooccurrence_count;
INSERT INTO public.builder_compatibility_rules (stop_a,stop_b,cooccurrence_count) VALUES ('biblioteca-joanina','tomar-village',1) ON CONFLICT (stop_a,stop_b) DO UPDATE SET cooccurrence_count=EXCLUDED.cooccurrence_count;
INSERT INTO public.builder_compatibility_rules (stop_a,stop_b,cooccurrence_count) VALUES ('coimbra-village','convento-cristo-tomar',1) ON CONFLICT (stop_a,stop_b) DO UPDATE SET cooccurrence_count=EXCLUDED.cooccurrence_count;
INSERT INTO public.builder_compatibility_rules (stop_a,stop_b,cooccurrence_count) VALUES ('convento-cristo-tomar','universidade-coimbra',1) ON CONFLICT (stop_a,stop_b) DO UPDATE SET cooccurrence_count=EXCLUDED.cooccurrence_count;
INSERT INTO public.builder_compatibility_rules (stop_a,stop_b,cooccurrence_count) VALUES ('biblioteca-joanina','convento-cristo-tomar',1) ON CONFLICT (stop_a,stop_b) DO UPDATE SET cooccurrence_count=EXCLUDED.cooccurrence_count;
INSERT INTO public.builder_compatibility_rules (stop_a,stop_b,cooccurrence_count) VALUES ('coimbra-village','universidade-coimbra',1) ON CONFLICT (stop_a,stop_b) DO UPDATE SET cooccurrence_count=EXCLUDED.cooccurrence_count;
INSERT INTO public.builder_compatibility_rules (stop_a,stop_b,cooccurrence_count) VALUES ('biblioteca-joanina','coimbra-village',1) ON CONFLICT (stop_a,stop_b) DO UPDATE SET cooccurrence_count=EXCLUDED.cooccurrence_count;
INSERT INTO public.builder_compatibility_rules (stop_a,stop_b,cooccurrence_count) VALUES ('biblioteca-joanina','universidade-coimbra',1) ON CONFLICT (stop_a,stop_b) DO UPDATE SET cooccurrence_count=EXCLUDED.cooccurrence_count;
INSERT INTO public.builder_compatibility_rules (stop_a,stop_b,cooccurrence_count) VALUES ('joao-portugal-ramos','ponte-25-abril',1) ON CONFLICT (stop_a,stop_b) DO UPDATE SET cooccurrence_count=EXCLUDED.cooccurrence_count;
INSERT INTO public.builder_compatibility_rules (stop_a,stop_b,cooccurrence_count) VALUES ('cartuxa','ponte-25-abril',1) ON CONFLICT (stop_a,stop_b) DO UPDATE SET cooccurrence_count=EXCLUDED.cooccurrence_count;
INSERT INTO public.builder_compatibility_rules (stop_a,stop_b,cooccurrence_count) VALUES ('pera-manca','ponte-25-abril',1) ON CONFLICT (stop_a,stop_b) DO UPDATE SET cooccurrence_count=EXCLUDED.cooccurrence_count;
INSERT INTO public.builder_compatibility_rules (stop_a,stop_b,cooccurrence_count) VALUES ('ervideira','ponte-25-abril',1) ON CONFLICT (stop_a,stop_b) DO UPDATE SET cooccurrence_count=EXCLUDED.cooccurrence_count;
INSERT INTO public.builder_compatibility_rules (stop_a,stop_b,cooccurrence_count) VALUES ('esporao','ponte-25-abril',1) ON CONFLICT (stop_a,stop_b) DO UPDATE SET cooccurrence_count=EXCLUDED.cooccurrence_count;
INSERT INTO public.builder_compatibility_rules (stop_a,stop_b,cooccurrence_count) VALUES ('capela-ossos-evora','ponte-25-abril',1) ON CONFLICT (stop_a,stop_b) DO UPDATE SET cooccurrence_count=EXCLUDED.cooccurrence_count;
INSERT INTO public.builder_compatibility_rules (stop_a,stop_b,cooccurrence_count) VALUES ('evora-city','ponte-25-abril',1) ON CONFLICT (stop_a,stop_b) DO UPDATE SET cooccurrence_count=EXCLUDED.cooccurrence_count;
INSERT INTO public.builder_compatibility_rules (stop_a,stop_b,cooccurrence_count) VALUES ('ponte-25-abril','templo-diana-evora',1) ON CONFLICT (stop_a,stop_b) DO UPDATE SET cooccurrence_count=EXCLUDED.cooccurrence_count;
INSERT INTO public.builder_compatibility_rules (stop_a,stop_b,cooccurrence_count) VALUES ('corticarte','ponte-25-abril',1) ON CONFLICT (stop_a,stop_b) DO UPDATE SET cooccurrence_count=EXCLUDED.cooccurrence_count;
INSERT INTO public.builder_compatibility_rules (stop_a,stop_b,cooccurrence_count) VALUES ('cartuxa','joao-portugal-ramos',1) ON CONFLICT (stop_a,stop_b) DO UPDATE SET cooccurrence_count=EXCLUDED.cooccurrence_count;
INSERT INTO public.builder_compatibility_rules (stop_a,stop_b,cooccurrence_count) VALUES ('joao-portugal-ramos','pera-manca',1) ON CONFLICT (stop_a,stop_b) DO UPDATE SET cooccurrence_count=EXCLUDED.cooccurrence_count;
INSERT INTO public.builder_compatibility_rules (stop_a,stop_b,cooccurrence_count) VALUES ('ervideira','joao-portugal-ramos',1) ON CONFLICT (stop_a,stop_b) DO UPDATE SET cooccurrence_count=EXCLUDED.cooccurrence_count;
INSERT INTO public.builder_compatibility_rules (stop_a,stop_b,cooccurrence_count) VALUES ('esporao','joao-portugal-ramos',1) ON CONFLICT (stop_a,stop_b) DO UPDATE SET cooccurrence_count=EXCLUDED.cooccurrence_count;
INSERT INTO public.builder_compatibility_rules (stop_a,stop_b,cooccurrence_count) VALUES ('capela-ossos-evora','joao-portugal-ramos',1) ON CONFLICT (stop_a,stop_b) DO UPDATE SET cooccurrence_count=EXCLUDED.cooccurrence_count;
INSERT INTO public.builder_compatibility_rules (stop_a,stop_b,cooccurrence_count) VALUES ('evora-city','joao-portugal-ramos',1) ON CONFLICT (stop_a,stop_b) DO UPDATE SET cooccurrence_count=EXCLUDED.cooccurrence_count;
INSERT INTO public.builder_compatibility_rules (stop_a,stop_b,cooccurrence_count) VALUES ('joao-portugal-ramos','templo-diana-evora',1) ON CONFLICT (stop_a,stop_b) DO UPDATE SET cooccurrence_count=EXCLUDED.cooccurrence_count;
INSERT INTO public.builder_compatibility_rules (stop_a,stop_b,cooccurrence_count) VALUES ('corticarte','joao-portugal-ramos',1) ON CONFLICT (stop_a,stop_b) DO UPDATE SET cooccurrence_count=EXCLUDED.cooccurrence_count;
INSERT INTO public.builder_compatibility_rules (stop_a,stop_b,cooccurrence_count) VALUES ('cartuxa','pera-manca',1) ON CONFLICT (stop_a,stop_b) DO UPDATE SET cooccurrence_count=EXCLUDED.cooccurrence_count;
INSERT INTO public.builder_compatibility_rules (stop_a,stop_b,cooccurrence_count) VALUES ('cartuxa','ervideira',1) ON CONFLICT (stop_a,stop_b) DO UPDATE SET cooccurrence_count=EXCLUDED.cooccurrence_count;
INSERT INTO public.builder_compatibility_rules (stop_a,stop_b,cooccurrence_count) VALUES ('cartuxa','esporao',1) ON CONFLICT (stop_a,stop_b) DO UPDATE SET cooccurrence_count=EXCLUDED.cooccurrence_count;
INSERT INTO public.builder_compatibility_rules (stop_a,stop_b,cooccurrence_count) VALUES ('capela-ossos-evora','cartuxa',1) ON CONFLICT (stop_a,stop_b) DO UPDATE SET cooccurrence_count=EXCLUDED.cooccurrence_count;
INSERT INTO public.builder_compatibility_rules (stop_a,stop_b,cooccurrence_count) VALUES ('cartuxa','evora-city',1) ON CONFLICT (stop_a,stop_b) DO UPDATE SET cooccurrence_count=EXCLUDED.cooccurrence_count;
INSERT INTO public.builder_compatibility_rules (stop_a,stop_b,cooccurrence_count) VALUES ('cartuxa','templo-diana-evora',1) ON CONFLICT (stop_a,stop_b) DO UPDATE SET cooccurrence_count=EXCLUDED.cooccurrence_count;
INSERT INTO public.builder_compatibility_rules (stop_a,stop_b,cooccurrence_count) VALUES ('cartuxa','corticarte',1) ON CONFLICT (stop_a,stop_b) DO UPDATE SET cooccurrence_count=EXCLUDED.cooccurrence_count;
INSERT INTO public.builder_compatibility_rules (stop_a,stop_b,cooccurrence_count) VALUES ('ervideira','pera-manca',1) ON CONFLICT (stop_a,stop_b) DO UPDATE SET cooccurrence_count=EXCLUDED.cooccurrence_count;
INSERT INTO public.builder_compatibility_rules (stop_a,stop_b,cooccurrence_count) VALUES ('esporao','pera-manca',1) ON CONFLICT (stop_a,stop_b) DO UPDATE SET cooccurrence_count=EXCLUDED.cooccurrence_count;
INSERT INTO public.builder_compatibility_rules (stop_a,stop_b,cooccurrence_count) VALUES ('capela-ossos-evora','pera-manca',1) ON CONFLICT (stop_a,stop_b) DO UPDATE SET cooccurrence_count=EXCLUDED.cooccurrence_count;
INSERT INTO public.builder_compatibility_rules (stop_a,stop_b,cooccurrence_count) VALUES ('evora-city','pera-manca',1) ON CONFLICT (stop_a,stop_b) DO UPDATE SET cooccurrence_count=EXCLUDED.cooccurrence_count;
INSERT INTO public.builder_compatibility_rules (stop_a,stop_b,cooccurrence_count) VALUES ('pera-manca','templo-diana-evora',1) ON CONFLICT (stop_a,stop_b) DO UPDATE SET cooccurrence_count=EXCLUDED.cooccurrence_count;
INSERT INTO public.builder_compatibility_rules (stop_a,stop_b,cooccurrence_count) VALUES ('corticarte','pera-manca',1) ON CONFLICT (stop_a,stop_b) DO UPDATE SET cooccurrence_count=EXCLUDED.cooccurrence_count;
INSERT INTO public.builder_compatibility_rules (stop_a,stop_b,cooccurrence_count) VALUES ('ervideira','esporao',1) ON CONFLICT (stop_a,stop_b) DO UPDATE SET cooccurrence_count=EXCLUDED.cooccurrence_count;
INSERT INTO public.builder_compatibility_rules (stop_a,stop_b,cooccurrence_count) VALUES ('capela-ossos-evora','ervideira',1) ON CONFLICT (stop_a,stop_b) DO UPDATE SET cooccurrence_count=EXCLUDED.cooccurrence_count;
INSERT INTO public.builder_compatibility_rules (stop_a,stop_b,cooccurrence_count) VALUES ('ervideira','evora-city',1) ON CONFLICT (stop_a,stop_b) DO UPDATE SET cooccurrence_count=EXCLUDED.cooccurrence_count;
INSERT INTO public.builder_compatibility_rules (stop_a,stop_b,cooccurrence_count) VALUES ('ervideira','templo-diana-evora',1) ON CONFLICT (stop_a,stop_b) DO UPDATE SET cooccurrence_count=EXCLUDED.cooccurrence_count;
INSERT INTO public.builder_compatibility_rules (stop_a,stop_b,cooccurrence_count) VALUES ('corticarte','ervideira',1) ON CONFLICT (stop_a,stop_b) DO UPDATE SET cooccurrence_count=EXCLUDED.cooccurrence_count;
INSERT INTO public.builder_compatibility_rules (stop_a,stop_b,cooccurrence_count) VALUES ('capela-ossos-evora','esporao',1) ON CONFLICT (stop_a,stop_b) DO UPDATE SET cooccurrence_count=EXCLUDED.cooccurrence_count;
INSERT INTO public.builder_compatibility_rules (stop_a,stop_b,cooccurrence_count) VALUES ('esporao','evora-city',1) ON CONFLICT (stop_a,stop_b) DO UPDATE SET cooccurrence_count=EXCLUDED.cooccurrence_count;
INSERT INTO public.builder_compatibility_rules (stop_a,stop_b,cooccurrence_count) VALUES ('esporao','templo-diana-evora',1) ON CONFLICT (stop_a,stop_b) DO UPDATE SET cooccurrence_count=EXCLUDED.cooccurrence_count;
INSERT INTO public.builder_compatibility_rules (stop_a,stop_b,cooccurrence_count) VALUES ('corticarte','esporao',1) ON CONFLICT (stop_a,stop_b) DO UPDATE SET cooccurrence_count=EXCLUDED.cooccurrence_count;
INSERT INTO public.builder_compatibility_rules (stop_a,stop_b,cooccurrence_count) VALUES ('capela-ossos-evora','evora-city',1) ON CONFLICT (stop_a,stop_b) DO UPDATE SET cooccurrence_count=EXCLUDED.cooccurrence_count;
INSERT INTO public.builder_compatibility_rules (stop_a,stop_b,cooccurrence_count) VALUES ('capela-ossos-evora','templo-diana-evora',1) ON CONFLICT (stop_a,stop_b) DO UPDATE SET cooccurrence_count=EXCLUDED.cooccurrence_count;
INSERT INTO public.builder_compatibility_rules (stop_a,stop_b,cooccurrence_count) VALUES ('capela-ossos-evora','corticarte',1) ON CONFLICT (stop_a,stop_b) DO UPDATE SET cooccurrence_count=EXCLUDED.cooccurrence_count;
INSERT INTO public.builder_compatibility_rules (stop_a,stop_b,cooccurrence_count) VALUES ('evora-city','templo-diana-evora',1) ON CONFLICT (stop_a,stop_b) DO UPDATE SET cooccurrence_count=EXCLUDED.cooccurrence_count;
INSERT INTO public.builder_compatibility_rules (stop_a,stop_b,cooccurrence_count) VALUES ('corticarte','evora-city',1) ON CONFLICT (stop_a,stop_b) DO UPDATE SET cooccurrence_count=EXCLUDED.cooccurrence_count;
INSERT INTO public.builder_compatibility_rules (stop_a,stop_b,cooccurrence_count) VALUES ('corticarte','templo-diana-evora',1) ON CONFLICT (stop_a,stop_b) DO UPDATE SET cooccurrence_count=EXCLUDED.cooccurrence_count;
INSERT INTO public.builder_compatibility_rules (stop_a,stop_b,cooccurrence_count) VALUES ('fatima-sanctuary','nazare-village',1) ON CONFLICT (stop_a,stop_b) DO UPDATE SET cooccurrence_count=EXCLUDED.cooccurrence_count;
INSERT INTO public.builder_compatibility_rules (stop_a,stop_b,cooccurrence_count) VALUES ('fatima-sanctuary','praia-nazare',1) ON CONFLICT (stop_a,stop_b) DO UPDATE SET cooccurrence_count=EXCLUDED.cooccurrence_count;
INSERT INTO public.builder_compatibility_rules (stop_a,stop_b,cooccurrence_count) VALUES ('fatima-sanctuary','obidos-village',1) ON CONFLICT (stop_a,stop_b) DO UPDATE SET cooccurrence_count=EXCLUDED.cooccurrence_count;
INSERT INTO public.builder_compatibility_rules (stop_a,stop_b,cooccurrence_count) VALUES ('castelo-obidos','fatima-sanctuary',1) ON CONFLICT (stop_a,stop_b) DO UPDATE SET cooccurrence_count=EXCLUDED.cooccurrence_count;
INSERT INTO public.builder_compatibility_rules (stop_a,stop_b,cooccurrence_count) VALUES ('nazare-village','praia-nazare',1) ON CONFLICT (stop_a,stop_b) DO UPDATE SET cooccurrence_count=EXCLUDED.cooccurrence_count;
INSERT INTO public.builder_compatibility_rules (stop_a,stop_b,cooccurrence_count) VALUES ('nazare-village','obidos-village',1) ON CONFLICT (stop_a,stop_b) DO UPDATE SET cooccurrence_count=EXCLUDED.cooccurrence_count;
INSERT INTO public.builder_compatibility_rules (stop_a,stop_b,cooccurrence_count) VALUES ('castelo-obidos','nazare-village',1) ON CONFLICT (stop_a,stop_b) DO UPDATE SET cooccurrence_count=EXCLUDED.cooccurrence_count;
INSERT INTO public.builder_compatibility_rules (stop_a,stop_b,cooccurrence_count) VALUES ('obidos-village','praia-nazare',1) ON CONFLICT (stop_a,stop_b) DO UPDATE SET cooccurrence_count=EXCLUDED.cooccurrence_count;
INSERT INTO public.builder_compatibility_rules (stop_a,stop_b,cooccurrence_count) VALUES ('castelo-obidos','praia-nazare',1) ON CONFLICT (stop_a,stop_b) DO UPDATE SET cooccurrence_count=EXCLUDED.cooccurrence_count;
INSERT INTO public.builder_compatibility_rules (stop_a,stop_b,cooccurrence_count) VALUES ('castelo-obidos','obidos-village',1) ON CONFLICT (stop_a,stop_b) DO UPDATE SET cooccurrence_count=EXCLUDED.cooccurrence_count;
INSERT INTO public.builder_compatibility_rules (stop_a,stop_b,cooccurrence_count) VALUES ('azulejos-azeitao','mercado-livramento',2) ON CONFLICT (stop_a,stop_b) DO UPDATE SET cooccurrence_count=EXCLUDED.cooccurrence_count;
INSERT INTO public.builder_compatibility_rules (stop_a,stop_b,cooccurrence_count) VALUES ('jose-maria-fonseca','mercado-livramento',2) ON CONFLICT (stop_a,stop_b) DO UPDATE SET cooccurrence_count=EXCLUDED.cooccurrence_count;
INSERT INTO public.builder_compatibility_rules (stop_a,stop_b,cooccurrence_count) VALUES ('bacalhoa','mercado-livramento',2) ON CONFLICT (stop_a,stop_b) DO UPDATE SET cooccurrence_count=EXCLUDED.cooccurrence_count;
INSERT INTO public.builder_compatibility_rules (stop_a,stop_b,cooccurrence_count) VALUES ('azulejos-azeitao','castelo-sesimbra',2) ON CONFLICT (stop_a,stop_b) DO UPDATE SET cooccurrence_count=EXCLUDED.cooccurrence_count;
INSERT INTO public.builder_compatibility_rules (stop_a,stop_b,cooccurrence_count) VALUES ('azulejos-azeitao','sesimbra-village',1) ON CONFLICT (stop_a,stop_b) DO UPDATE SET cooccurrence_count=EXCLUDED.cooccurrence_count;
INSERT INTO public.builder_compatibility_rules (stop_a,stop_b,cooccurrence_count) VALUES ('azulejos-azeitao','farm-catralvos',2) ON CONFLICT (stop_a,stop_b) DO UPDATE SET cooccurrence_count=EXCLUDED.cooccurrence_count;
INSERT INTO public.builder_compatibility_rules (stop_a,stop_b,cooccurrence_count) VALUES ('azulejos-azeitao','jose-maria-fonseca',2) ON CONFLICT (stop_a,stop_b) DO UPDATE SET cooccurrence_count=EXCLUDED.cooccurrence_count;
INSERT INTO public.builder_compatibility_rules (stop_a,stop_b,cooccurrence_count) VALUES ('azulejos-azeitao','bacalhoa',2) ON CONFLICT (stop_a,stop_b) DO UPDATE SET cooccurrence_count=EXCLUDED.cooccurrence_count;
INSERT INTO public.builder_compatibility_rules (stop_a,stop_b,cooccurrence_count) VALUES ('azulejos-azeitao','cristo-rei',2) ON CONFLICT (stop_a,stop_b) DO UPDATE SET cooccurrence_count=EXCLUDED.cooccurrence_count;
INSERT INTO public.builder_compatibility_rules (stop_a,stop_b,cooccurrence_count) VALUES ('castelo-sesimbra','jose-maria-fonseca',2) ON CONFLICT (stop_a,stop_b) DO UPDATE SET cooccurrence_count=EXCLUDED.cooccurrence_count;
INSERT INTO public.builder_compatibility_rules (stop_a,stop_b,cooccurrence_count) VALUES ('bacalhoa','castelo-sesimbra',2) ON CONFLICT (stop_a,stop_b) DO UPDATE SET cooccurrence_count=EXCLUDED.cooccurrence_count;
INSERT INTO public.builder_compatibility_rules (stop_a,stop_b,cooccurrence_count) VALUES ('farm-catralvos','sesimbra-village',1) ON CONFLICT (stop_a,stop_b) DO UPDATE SET cooccurrence_count=EXCLUDED.cooccurrence_count;
INSERT INTO public.builder_compatibility_rules (stop_a,stop_b,cooccurrence_count) VALUES ('jose-maria-fonseca','sesimbra-village',1) ON CONFLICT (stop_a,stop_b) DO UPDATE SET cooccurrence_count=EXCLUDED.cooccurrence_count;
INSERT INTO public.builder_compatibility_rules (stop_a,stop_b,cooccurrence_count) VALUES ('bacalhoa','sesimbra-village',1) ON CONFLICT (stop_a,stop_b) DO UPDATE SET cooccurrence_count=EXCLUDED.cooccurrence_count;
INSERT INTO public.builder_compatibility_rules (stop_a,stop_b,cooccurrence_count) VALUES ('cristo-rei','sesimbra-village',2) ON CONFLICT (stop_a,stop_b) DO UPDATE SET cooccurrence_count=EXCLUDED.cooccurrence_count;
INSERT INTO public.builder_compatibility_rules (stop_a,stop_b,cooccurrence_count) VALUES ('farm-catralvos','jose-maria-fonseca',2) ON CONFLICT (stop_a,stop_b) DO UPDATE SET cooccurrence_count=EXCLUDED.cooccurrence_count;
INSERT INTO public.builder_compatibility_rules (stop_a,stop_b,cooccurrence_count) VALUES ('bacalhoa','farm-catralvos',2) ON CONFLICT (stop_a,stop_b) DO UPDATE SET cooccurrence_count=EXCLUDED.cooccurrence_count;
INSERT INTO public.builder_compatibility_rules (stop_a,stop_b,cooccurrence_count) VALUES ('bacalhoa','jose-maria-fonseca',2) ON CONFLICT (stop_a,stop_b) DO UPDATE SET cooccurrence_count=EXCLUDED.cooccurrence_count;
INSERT INTO public.builder_compatibility_rules (stop_a,stop_b,cooccurrence_count) VALUES ('cristo-rei','jose-maria-fonseca',2) ON CONFLICT (stop_a,stop_b) DO UPDATE SET cooccurrence_count=EXCLUDED.cooccurrence_count;
INSERT INTO public.builder_compatibility_rules (stop_a,stop_b,cooccurrence_count) VALUES ('bacalhoa','cristo-rei',2) ON CONFLICT (stop_a,stop_b) DO UPDATE SET cooccurrence_count=EXCLUDED.cooccurrence_count;
INSERT INTO public.builder_compatibility_rules (stop_a,stop_b,cooccurrence_count) VALUES ('mercado-livramento','quinta-piloto',1) ON CONFLICT (stop_a,stop_b) DO UPDATE SET cooccurrence_count=EXCLUDED.cooccurrence_count;
INSERT INTO public.builder_compatibility_rules (stop_a,stop_b,cooccurrence_count) VALUES ('adega-palmela','mercado-livramento',1) ON CONFLICT (stop_a,stop_b) DO UPDATE SET cooccurrence_count=EXCLUDED.cooccurrence_count;
INSERT INTO public.builder_compatibility_rules (stop_a,stop_b,cooccurrence_count) VALUES ('azulejos-azeitao','parque-natural-arrabida',1) ON CONFLICT (stop_a,stop_b) DO UPDATE SET cooccurrence_count=EXCLUDED.cooccurrence_count;
INSERT INTO public.builder_compatibility_rules (stop_a,stop_b,cooccurrence_count) VALUES ('jose-maria-fonseca','parque-natural-arrabida',1) ON CONFLICT (stop_a,stop_b) DO UPDATE SET cooccurrence_count=EXCLUDED.cooccurrence_count;
INSERT INTO public.builder_compatibility_rules (stop_a,stop_b,cooccurrence_count) VALUES ('azeitao-village','parque-natural-arrabida',1) ON CONFLICT (stop_a,stop_b) DO UPDATE SET cooccurrence_count=EXCLUDED.cooccurrence_count;
INSERT INTO public.builder_compatibility_rules (stop_a,stop_b,cooccurrence_count) VALUES ('farm-catralvos','parque-natural-arrabida',1) ON CONFLICT (stop_a,stop_b) DO UPDATE SET cooccurrence_count=EXCLUDED.cooccurrence_count;
INSERT INTO public.builder_compatibility_rules (stop_a,stop_b,cooccurrence_count) VALUES ('parque-natural-arrabida','quinta-piloto',1) ON CONFLICT (stop_a,stop_b) DO UPDATE SET cooccurrence_count=EXCLUDED.cooccurrence_count;
INSERT INTO public.builder_compatibility_rules (stop_a,stop_b,cooccurrence_count) VALUES ('adega-palmela','parque-natural-arrabida',1) ON CONFLICT (stop_a,stop_b) DO UPDATE SET cooccurrence_count=EXCLUDED.cooccurrence_count;
INSERT INTO public.builder_compatibility_rules (stop_a,stop_b,cooccurrence_count) VALUES ('bacalhoa','parque-natural-arrabida',1) ON CONFLICT (stop_a,stop_b) DO UPDATE SET cooccurrence_count=EXCLUDED.cooccurrence_count;
INSERT INTO public.builder_compatibility_rules (stop_a,stop_b,cooccurrence_count) VALUES ('cristo-rei','parque-natural-arrabida',2) ON CONFLICT (stop_a,stop_b) DO UPDATE SET cooccurrence_count=EXCLUDED.cooccurrence_count;
INSERT INTO public.builder_compatibility_rules (stop_a,stop_b,cooccurrence_count) VALUES ('azeitao-village','azulejos-azeitao',1) ON CONFLICT (stop_a,stop_b) DO UPDATE SET cooccurrence_count=EXCLUDED.cooccurrence_count;
INSERT INTO public.builder_compatibility_rules (stop_a,stop_b,cooccurrence_count) VALUES ('azulejos-azeitao','quinta-piloto',1) ON CONFLICT (stop_a,stop_b) DO UPDATE SET cooccurrence_count=EXCLUDED.cooccurrence_count;
INSERT INTO public.builder_compatibility_rules (stop_a,stop_b,cooccurrence_count) VALUES ('adega-palmela','azulejos-azeitao',1) ON CONFLICT (stop_a,stop_b) DO UPDATE SET cooccurrence_count=EXCLUDED.cooccurrence_count;
INSERT INTO public.builder_compatibility_rules (stop_a,stop_b,cooccurrence_count) VALUES ('azeitao-village','jose-maria-fonseca',1) ON CONFLICT (stop_a,stop_b) DO UPDATE SET cooccurrence_count=EXCLUDED.cooccurrence_count;
INSERT INTO public.builder_compatibility_rules (stop_a,stop_b,cooccurrence_count) VALUES ('jose-maria-fonseca','quinta-piloto',1) ON CONFLICT (stop_a,stop_b) DO UPDATE SET cooccurrence_count=EXCLUDED.cooccurrence_count;
INSERT INTO public.builder_compatibility_rules (stop_a,stop_b,cooccurrence_count) VALUES ('adega-palmela','jose-maria-fonseca',1) ON CONFLICT (stop_a,stop_b) DO UPDATE SET cooccurrence_count=EXCLUDED.cooccurrence_count;
INSERT INTO public.builder_compatibility_rules (stop_a,stop_b,cooccurrence_count) VALUES ('azeitao-village','quinta-piloto',1) ON CONFLICT (stop_a,stop_b) DO UPDATE SET cooccurrence_count=EXCLUDED.cooccurrence_count;
INSERT INTO public.builder_compatibility_rules (stop_a,stop_b,cooccurrence_count) VALUES ('adega-palmela','azeitao-village',1) ON CONFLICT (stop_a,stop_b) DO UPDATE SET cooccurrence_count=EXCLUDED.cooccurrence_count;
INSERT INTO public.builder_compatibility_rules (stop_a,stop_b,cooccurrence_count) VALUES ('azeitao-village','bacalhoa',1) ON CONFLICT (stop_a,stop_b) DO UPDATE SET cooccurrence_count=EXCLUDED.cooccurrence_count;
INSERT INTO public.builder_compatibility_rules (stop_a,stop_b,cooccurrence_count) VALUES ('farm-catralvos','quinta-piloto',1) ON CONFLICT (stop_a,stop_b) DO UPDATE SET cooccurrence_count=EXCLUDED.cooccurrence_count;
INSERT INTO public.builder_compatibility_rules (stop_a,stop_b,cooccurrence_count) VALUES ('adega-palmela','farm-catralvos',1) ON CONFLICT (stop_a,stop_b) DO UPDATE SET cooccurrence_count=EXCLUDED.cooccurrence_count;
INSERT INTO public.builder_compatibility_rules (stop_a,stop_b,cooccurrence_count) VALUES ('adega-palmela','quinta-piloto',1) ON CONFLICT (stop_a,stop_b) DO UPDATE SET cooccurrence_count=EXCLUDED.cooccurrence_count;
INSERT INTO public.builder_compatibility_rules (stop_a,stop_b,cooccurrence_count) VALUES ('bacalhoa','quinta-piloto',1) ON CONFLICT (stop_a,stop_b) DO UPDATE SET cooccurrence_count=EXCLUDED.cooccurrence_count;
INSERT INTO public.builder_compatibility_rules (stop_a,stop_b,cooccurrence_count) VALUES ('castelo-sesimbra','quinta-piloto',1) ON CONFLICT (stop_a,stop_b) DO UPDATE SET cooccurrence_count=EXCLUDED.cooccurrence_count;
INSERT INTO public.builder_compatibility_rules (stop_a,stop_b,cooccurrence_count) VALUES ('cristo-rei','quinta-piloto',1) ON CONFLICT (stop_a,stop_b) DO UPDATE SET cooccurrence_count=EXCLUDED.cooccurrence_count;
INSERT INTO public.builder_compatibility_rules (stop_a,stop_b,cooccurrence_count) VALUES ('adega-palmela','bacalhoa',1) ON CONFLICT (stop_a,stop_b) DO UPDATE SET cooccurrence_count=EXCLUDED.cooccurrence_count;
INSERT INTO public.builder_compatibility_rules (stop_a,stop_b,cooccurrence_count) VALUES ('adega-palmela','castelo-sesimbra',1) ON CONFLICT (stop_a,stop_b) DO UPDATE SET cooccurrence_count=EXCLUDED.cooccurrence_count;
INSERT INTO public.builder_compatibility_rules (stop_a,stop_b,cooccurrence_count) VALUES ('adega-palmela','cristo-rei',1) ON CONFLICT (stop_a,stop_b) DO UPDATE SET cooccurrence_count=EXCLUDED.cooccurrence_count;
INSERT INTO public.builder_compatibility_rules (stop_a,stop_b,cooccurrence_count) VALUES ('mercado-livramento','portinho-arrabida',1) ON CONFLICT (stop_a,stop_b) DO UPDATE SET cooccurrence_count=EXCLUDED.cooccurrence_count;
INSERT INTO public.builder_compatibility_rules (stop_a,stop_b,cooccurrence_count) VALUES ('mercado-livramento','praia-galapinhos',1) ON CONFLICT (stop_a,stop_b) DO UPDATE SET cooccurrence_count=EXCLUDED.cooccurrence_count;
INSERT INTO public.builder_compatibility_rules (stop_a,stop_b,cooccurrence_count) VALUES ('mercado-livramento','praia-bicas',1) ON CONFLICT (stop_a,stop_b) DO UPDATE SET cooccurrence_count=EXCLUDED.cooccurrence_count;
INSERT INTO public.builder_compatibility_rules (stop_a,stop_b,cooccurrence_count) VALUES ('mercado-livramento','praia-meco',1) ON CONFLICT (stop_a,stop_b) DO UPDATE SET cooccurrence_count=EXCLUDED.cooccurrence_count;
INSERT INTO public.builder_compatibility_rules (stop_a,stop_b,cooccurrence_count) VALUES ('mercado-livramento','praia-foz',1) ON CONFLICT (stop_a,stop_b) DO UPDATE SET cooccurrence_count=EXCLUDED.cooccurrence_count;
INSERT INTO public.builder_compatibility_rules (stop_a,stop_b,cooccurrence_count) VALUES ('lagoa-albufeira','mercado-livramento',1) ON CONFLICT (stop_a,stop_b) DO UPDATE SET cooccurrence_count=EXCLUDED.cooccurrence_count;
INSERT INTO public.builder_compatibility_rules (stop_a,stop_b,cooccurrence_count) VALUES ('parque-natural-arrabida','portinho-arrabida',1) ON CONFLICT (stop_a,stop_b) DO UPDATE SET cooccurrence_count=EXCLUDED.cooccurrence_count;
INSERT INTO public.builder_compatibility_rules (stop_a,stop_b,cooccurrence_count) VALUES ('parque-natural-arrabida','praia-galapinhos',1) ON CONFLICT (stop_a,stop_b) DO UPDATE SET cooccurrence_count=EXCLUDED.cooccurrence_count;
INSERT INTO public.builder_compatibility_rules (stop_a,stop_b,cooccurrence_count) VALUES ('parque-natural-arrabida','praia-bicas',1) ON CONFLICT (stop_a,stop_b) DO UPDATE SET cooccurrence_count=EXCLUDED.cooccurrence_count;
INSERT INTO public.builder_compatibility_rules (stop_a,stop_b,cooccurrence_count) VALUES ('parque-natural-arrabida','praia-meco',1) ON CONFLICT (stop_a,stop_b) DO UPDATE SET cooccurrence_count=EXCLUDED.cooccurrence_count;
INSERT INTO public.builder_compatibility_rules (stop_a,stop_b,cooccurrence_count) VALUES ('parque-natural-arrabida','praia-foz',1) ON CONFLICT (stop_a,stop_b) DO UPDATE SET cooccurrence_count=EXCLUDED.cooccurrence_count;
INSERT INTO public.builder_compatibility_rules (stop_a,stop_b,cooccurrence_count) VALUES ('lagoa-albufeira','parque-natural-arrabida',1) ON CONFLICT (stop_a,stop_b) DO UPDATE SET cooccurrence_count=EXCLUDED.cooccurrence_count;
INSERT INTO public.builder_compatibility_rules (stop_a,stop_b,cooccurrence_count) VALUES ('parque-natural-arrabida','ponte-25-abril',1) ON CONFLICT (stop_a,stop_b) DO UPDATE SET cooccurrence_count=EXCLUDED.cooccurrence_count;
INSERT INTO public.builder_compatibility_rules (stop_a,stop_b,cooccurrence_count) VALUES ('portinho-arrabida','praia-galapinhos',1) ON CONFLICT (stop_a,stop_b) DO UPDATE SET cooccurrence_count=EXCLUDED.cooccurrence_count;
INSERT INTO public.builder_compatibility_rules (stop_a,stop_b,cooccurrence_count) VALUES ('lapa-santa-margarida','portinho-arrabida',1) ON CONFLICT (stop_a,stop_b) DO UPDATE SET cooccurrence_count=EXCLUDED.cooccurrence_count;
INSERT INTO public.builder_compatibility_rules (stop_a,stop_b,cooccurrence_count) VALUES ('portinho-arrabida','sesimbra-village',1) ON CONFLICT (stop_a,stop_b) DO UPDATE SET cooccurrence_count=EXCLUDED.cooccurrence_count;
INSERT INTO public.builder_compatibility_rules (stop_a,stop_b,cooccurrence_count) VALUES ('cabo-espichel','portinho-arrabida',1) ON CONFLICT (stop_a,stop_b) DO UPDATE SET cooccurrence_count=EXCLUDED.cooccurrence_count;
INSERT INTO public.builder_compatibility_rules (stop_a,stop_b,cooccurrence_count) VALUES ('portinho-arrabida','praia-bicas',1) ON CONFLICT (stop_a,stop_b) DO UPDATE SET cooccurrence_count=EXCLUDED.cooccurrence_count;
INSERT INTO public.builder_compatibility_rules (stop_a,stop_b,cooccurrence_count) VALUES ('portinho-arrabida','praia-meco',1) ON CONFLICT (stop_a,stop_b) DO UPDATE SET cooccurrence_count=EXCLUDED.cooccurrence_count;
INSERT INTO public.builder_compatibility_rules (stop_a,stop_b,cooccurrence_count) VALUES ('castelo-sesimbra','portinho-arrabida',1) ON CONFLICT (stop_a,stop_b) DO UPDATE SET cooccurrence_count=EXCLUDED.cooccurrence_count;
INSERT INTO public.builder_compatibility_rules (stop_a,stop_b,cooccurrence_count) VALUES ('portinho-arrabida','praia-foz',1) ON CONFLICT (stop_a,stop_b) DO UPDATE SET cooccurrence_count=EXCLUDED.cooccurrence_count;
INSERT INTO public.builder_compatibility_rules (stop_a,stop_b,cooccurrence_count) VALUES ('lagoa-albufeira','portinho-arrabida',1) ON CONFLICT (stop_a,stop_b) DO UPDATE SET cooccurrence_count=EXCLUDED.cooccurrence_count;
INSERT INTO public.builder_compatibility_rules (stop_a,stop_b,cooccurrence_count) VALUES ('cristo-rei','portinho-arrabida',1) ON CONFLICT (stop_a,stop_b) DO UPDATE SET cooccurrence_count=EXCLUDED.cooccurrence_count;
INSERT INTO public.builder_compatibility_rules (stop_a,stop_b,cooccurrence_count) VALUES ('ponte-25-abril','portinho-arrabida',1) ON CONFLICT (stop_a,stop_b) DO UPDATE SET cooccurrence_count=EXCLUDED.cooccurrence_count;
INSERT INTO public.builder_compatibility_rules (stop_a,stop_b,cooccurrence_count) VALUES ('lapa-santa-margarida','praia-galapinhos',1) ON CONFLICT (stop_a,stop_b) DO UPDATE SET cooccurrence_count=EXCLUDED.cooccurrence_count;
INSERT INTO public.builder_compatibility_rules (stop_a,stop_b,cooccurrence_count) VALUES ('praia-galapinhos','sesimbra-village',1) ON CONFLICT (stop_a,stop_b) DO UPDATE SET cooccurrence_count=EXCLUDED.cooccurrence_count;
INSERT INTO public.builder_compatibility_rules (stop_a,stop_b,cooccurrence_count) VALUES ('cabo-espichel','praia-galapinhos',1) ON CONFLICT (stop_a,stop_b) DO UPDATE SET cooccurrence_count=EXCLUDED.cooccurrence_count;
INSERT INTO public.builder_compatibility_rules (stop_a,stop_b,cooccurrence_count) VALUES ('praia-bicas','praia-galapinhos',1) ON CONFLICT (stop_a,stop_b) DO UPDATE SET cooccurrence_count=EXCLUDED.cooccurrence_count;
INSERT INTO public.builder_compatibility_rules (stop_a,stop_b,cooccurrence_count) VALUES ('praia-galapinhos','praia-meco',1) ON CONFLICT (stop_a,stop_b) DO UPDATE SET cooccurrence_count=EXCLUDED.cooccurrence_count;
INSERT INTO public.builder_compatibility_rules (stop_a,stop_b,cooccurrence_count) VALUES ('castelo-sesimbra','praia-galapinhos',1) ON CONFLICT (stop_a,stop_b) DO UPDATE SET cooccurrence_count=EXCLUDED.cooccurrence_count;
INSERT INTO public.builder_compatibility_rules (stop_a,stop_b,cooccurrence_count) VALUES ('praia-foz','praia-galapinhos',1) ON CONFLICT (stop_a,stop_b) DO UPDATE SET cooccurrence_count=EXCLUDED.cooccurrence_count;
INSERT INTO public.builder_compatibility_rules (stop_a,stop_b,cooccurrence_count) VALUES ('lagoa-albufeira','praia-galapinhos',1) ON CONFLICT (stop_a,stop_b) DO UPDATE SET cooccurrence_count=EXCLUDED.cooccurrence_count;
INSERT INTO public.builder_compatibility_rules (stop_a,stop_b,cooccurrence_count) VALUES ('cristo-rei','praia-galapinhos',1) ON CONFLICT (stop_a,stop_b) DO UPDATE SET cooccurrence_count=EXCLUDED.cooccurrence_count;
INSERT INTO public.builder_compatibility_rules (stop_a,stop_b,cooccurrence_count) VALUES ('ponte-25-abril','praia-galapinhos',1) ON CONFLICT (stop_a,stop_b) DO UPDATE SET cooccurrence_count=EXCLUDED.cooccurrence_count;
INSERT INTO public.builder_compatibility_rules (stop_a,stop_b,cooccurrence_count) VALUES ('lapa-santa-margarida','praia-bicas',1) ON CONFLICT (stop_a,stop_b) DO UPDATE SET cooccurrence_count=EXCLUDED.cooccurrence_count;
INSERT INTO public.builder_compatibility_rules (stop_a,stop_b,cooccurrence_count) VALUES ('lapa-santa-margarida','praia-meco',1) ON CONFLICT (stop_a,stop_b) DO UPDATE SET cooccurrence_count=EXCLUDED.cooccurrence_count;
INSERT INTO public.builder_compatibility_rules (stop_a,stop_b,cooccurrence_count) VALUES ('lapa-santa-margarida','praia-foz',1) ON CONFLICT (stop_a,stop_b) DO UPDATE SET cooccurrence_count=EXCLUDED.cooccurrence_count;
INSERT INTO public.builder_compatibility_rules (stop_a,stop_b,cooccurrence_count) VALUES ('lagoa-albufeira','lapa-santa-margarida',1) ON CONFLICT (stop_a,stop_b) DO UPDATE SET cooccurrence_count=EXCLUDED.cooccurrence_count;
INSERT INTO public.builder_compatibility_rules (stop_a,stop_b,cooccurrence_count) VALUES ('cristo-rei','lapa-santa-margarida',1) ON CONFLICT (stop_a,stop_b) DO UPDATE SET cooccurrence_count=EXCLUDED.cooccurrence_count;
INSERT INTO public.builder_compatibility_rules (stop_a,stop_b,cooccurrence_count) VALUES ('lapa-santa-margarida','ponte-25-abril',1) ON CONFLICT (stop_a,stop_b) DO UPDATE SET cooccurrence_count=EXCLUDED.cooccurrence_count;
INSERT INTO public.builder_compatibility_rules (stop_a,stop_b,cooccurrence_count) VALUES ('praia-bicas','sesimbra-village',1) ON CONFLICT (stop_a,stop_b) DO UPDATE SET cooccurrence_count=EXCLUDED.cooccurrence_count;
INSERT INTO public.builder_compatibility_rules (stop_a,stop_b,cooccurrence_count) VALUES ('praia-meco','sesimbra-village',1) ON CONFLICT (stop_a,stop_b) DO UPDATE SET cooccurrence_count=EXCLUDED.cooccurrence_count;
INSERT INTO public.builder_compatibility_rules (stop_a,stop_b,cooccurrence_count) VALUES ('praia-foz','sesimbra-village',1) ON CONFLICT (stop_a,stop_b) DO UPDATE SET cooccurrence_count=EXCLUDED.cooccurrence_count;
INSERT INTO public.builder_compatibility_rules (stop_a,stop_b,cooccurrence_count) VALUES ('lagoa-albufeira','sesimbra-village',1) ON CONFLICT (stop_a,stop_b) DO UPDATE SET cooccurrence_count=EXCLUDED.cooccurrence_count;
INSERT INTO public.builder_compatibility_rules (stop_a,stop_b,cooccurrence_count) VALUES ('ponte-25-abril','sesimbra-village',1) ON CONFLICT (stop_a,stop_b) DO UPDATE SET cooccurrence_count=EXCLUDED.cooccurrence_count;
INSERT INTO public.builder_compatibility_rules (stop_a,stop_b,cooccurrence_count) VALUES ('cabo-espichel','praia-bicas',1) ON CONFLICT (stop_a,stop_b) DO UPDATE SET cooccurrence_count=EXCLUDED.cooccurrence_count;
INSERT INTO public.builder_compatibility_rules (stop_a,stop_b,cooccurrence_count) VALUES ('cabo-espichel','praia-meco',1) ON CONFLICT (stop_a,stop_b) DO UPDATE SET cooccurrence_count=EXCLUDED.cooccurrence_count;
INSERT INTO public.builder_compatibility_rules (stop_a,stop_b,cooccurrence_count) VALUES ('cabo-espichel','praia-foz',1) ON CONFLICT (stop_a,stop_b) DO UPDATE SET cooccurrence_count=EXCLUDED.cooccurrence_count;
INSERT INTO public.builder_compatibility_rules (stop_a,stop_b,cooccurrence_count) VALUES ('cabo-espichel','lagoa-albufeira',1) ON CONFLICT (stop_a,stop_b) DO UPDATE SET cooccurrence_count=EXCLUDED.cooccurrence_count;
INSERT INTO public.builder_compatibility_rules (stop_a,stop_b,cooccurrence_count) VALUES ('cabo-espichel','cristo-rei',1) ON CONFLICT (stop_a,stop_b) DO UPDATE SET cooccurrence_count=EXCLUDED.cooccurrence_count;
INSERT INTO public.builder_compatibility_rules (stop_a,stop_b,cooccurrence_count) VALUES ('cabo-espichel','ponte-25-abril',1) ON CONFLICT (stop_a,stop_b) DO UPDATE SET cooccurrence_count=EXCLUDED.cooccurrence_count;
INSERT INTO public.builder_compatibility_rules (stop_a,stop_b,cooccurrence_count) VALUES ('praia-bicas','praia-meco',1) ON CONFLICT (stop_a,stop_b) DO UPDATE SET cooccurrence_count=EXCLUDED.cooccurrence_count;
INSERT INTO public.builder_compatibility_rules (stop_a,stop_b,cooccurrence_count) VALUES ('castelo-sesimbra','praia-bicas',1) ON CONFLICT (stop_a,stop_b) DO UPDATE SET cooccurrence_count=EXCLUDED.cooccurrence_count;
INSERT INTO public.builder_compatibility_rules (stop_a,stop_b,cooccurrence_count) VALUES ('praia-bicas','praia-foz',1) ON CONFLICT (stop_a,stop_b) DO UPDATE SET cooccurrence_count=EXCLUDED.cooccurrence_count;
INSERT INTO public.builder_compatibility_rules (stop_a,stop_b,cooccurrence_count) VALUES ('lagoa-albufeira','praia-bicas',1) ON CONFLICT (stop_a,stop_b) DO UPDATE SET cooccurrence_count=EXCLUDED.cooccurrence_count;
INSERT INTO public.builder_compatibility_rules (stop_a,stop_b,cooccurrence_count) VALUES ('cristo-rei','praia-bicas',1) ON CONFLICT (stop_a,stop_b) DO UPDATE SET cooccurrence_count=EXCLUDED.cooccurrence_count;
INSERT INTO public.builder_compatibility_rules (stop_a,stop_b,cooccurrence_count) VALUES ('ponte-25-abril','praia-bicas',1) ON CONFLICT (stop_a,stop_b) DO UPDATE SET cooccurrence_count=EXCLUDED.cooccurrence_count;
INSERT INTO public.builder_compatibility_rules (stop_a,stop_b,cooccurrence_count) VALUES ('castelo-sesimbra','praia-meco',1) ON CONFLICT (stop_a,stop_b) DO UPDATE SET cooccurrence_count=EXCLUDED.cooccurrence_count;
INSERT INTO public.builder_compatibility_rules (stop_a,stop_b,cooccurrence_count) VALUES ('praia-foz','praia-meco',1) ON CONFLICT (stop_a,stop_b) DO UPDATE SET cooccurrence_count=EXCLUDED.cooccurrence_count;
INSERT INTO public.builder_compatibility_rules (stop_a,stop_b,cooccurrence_count) VALUES ('lagoa-albufeira','praia-meco',1) ON CONFLICT (stop_a,stop_b) DO UPDATE SET cooccurrence_count=EXCLUDED.cooccurrence_count;
INSERT INTO public.builder_compatibility_rules (stop_a,stop_b,cooccurrence_count) VALUES ('cristo-rei','praia-meco',1) ON CONFLICT (stop_a,stop_b) DO UPDATE SET cooccurrence_count=EXCLUDED.cooccurrence_count;
INSERT INTO public.builder_compatibility_rules (stop_a,stop_b,cooccurrence_count) VALUES ('ponte-25-abril','praia-meco',1) ON CONFLICT (stop_a,stop_b) DO UPDATE SET cooccurrence_count=EXCLUDED.cooccurrence_count;
INSERT INTO public.builder_compatibility_rules (stop_a,stop_b,cooccurrence_count) VALUES ('castelo-sesimbra','praia-foz',1) ON CONFLICT (stop_a,stop_b) DO UPDATE SET cooccurrence_count=EXCLUDED.cooccurrence_count;
INSERT INTO public.builder_compatibility_rules (stop_a,stop_b,cooccurrence_count) VALUES ('castelo-sesimbra','lagoa-albufeira',1) ON CONFLICT (stop_a,stop_b) DO UPDATE SET cooccurrence_count=EXCLUDED.cooccurrence_count;
INSERT INTO public.builder_compatibility_rules (stop_a,stop_b,cooccurrence_count) VALUES ('lagoa-albufeira','praia-foz',1) ON CONFLICT (stop_a,stop_b) DO UPDATE SET cooccurrence_count=EXCLUDED.cooccurrence_count;
INSERT INTO public.builder_compatibility_rules (stop_a,stop_b,cooccurrence_count) VALUES ('cristo-rei','praia-foz',1) ON CONFLICT (stop_a,stop_b) DO UPDATE SET cooccurrence_count=EXCLUDED.cooccurrence_count;
INSERT INTO public.builder_compatibility_rules (stop_a,stop_b,cooccurrence_count) VALUES ('ponte-25-abril','praia-foz',1) ON CONFLICT (stop_a,stop_b) DO UPDATE SET cooccurrence_count=EXCLUDED.cooccurrence_count;
INSERT INTO public.builder_compatibility_rules (stop_a,stop_b,cooccurrence_count) VALUES ('cristo-rei','lagoa-albufeira',1) ON CONFLICT (stop_a,stop_b) DO UPDATE SET cooccurrence_count=EXCLUDED.cooccurrence_count;
INSERT INTO public.builder_compatibility_rules (stop_a,stop_b,cooccurrence_count) VALUES ('lagoa-albufeira','ponte-25-abril',1) ON CONFLICT (stop_a,stop_b) DO UPDATE SET cooccurrence_count=EXCLUDED.cooccurrence_count;
